ISO-10303-21;
HEADER;
/* Generated by software containing ST-Developer
 * from STEP Tools, Inc. (www.steptools.com) 
 */

FILE_DESCRIPTION(
/* description */ (''),
/* implementation_level */ '2;1');

FILE_NAME(
/* name */ 'Flight computer mount.step',
/* time_stamp */ '2026-07-31T17:53:13+01:00',
/* author */ (''),
/* organization */ (''),
/* preprocessor_version */ 'ST-DEVELOPER v20.1',
/* originating_system */ 'Autodesk Translation Framework v15.8.0.0',
/* authorisation */ '');

FILE_SCHEMA (('AUTOMOTIVE_DESIGN { 1 0 10303 214 3 1 1 }'));
ENDSEC;

DATA;
#10=MECHANICAL_DESIGN_GEOMETRIC_PRESENTATION_REPRESENTATION('',(#13),#1752);
#11=SHAPE_REPRESENTATION_RELATIONSHIP('SRR','None',#1759,#12);
#12=ADVANCED_BREP_SHAPE_REPRESENTATION('',(#14),#1751);
#13=STYLED_ITEM('',(#1769),#14);
#14=MANIFOLD_SOLID_BREP('Body1',#868);
#15=FACE_BOUND('',#122,.T.);
#16=FACE_BOUND('',#158,.T.);
#17=FACE_BOUND('',#159,.T.);
#18=FACE_BOUND('',#161,.T.);
#19=FACE_BOUND('',#164,.T.);
#20=FACE_BOUND('',#165,.T.);
#21=FACE_BOUND('',#166,.T.);
#22=FACE_BOUND('',#168,.T.);
#23=CIRCLE('',#886,27.5);
#24=CIRCLE('',#887,25.25);
#25=CIRCLE('',#888,25.25);
#26=CIRCLE('',#889,25.000001);
#27=CIRCLE('',#892,27.5);
#28=CIRCLE('',#893,25.25);
#29=CIRCLE('',#898,25.25);
#30=CIRCLE('',#899,27.5);
#31=CIRCLE('',#904,27.5);
#32=CIRCLE('',#905,25.25);
#33=CIRCLE('',#910,25.25);
#34=CIRCLE('',#911,27.5);
#35=CIRCLE('',#916,27.5);
#36=CIRCLE('',#917,25.25);
#37=CIRCLE('',#920,25.25);
#38=CIRCLE('',#921,27.5);
#39=CIRCLE('',#928,25.25);
#40=CIRCLE('',#929,27.5);
#41=CIRCLE('',#932,27.5);
#42=CIRCLE('',#933,27.5);
#43=CIRCLE('',#934,25.25);
#44=CIRCLE('',#935,25.25);
#45=CIRCLE('',#940,27.5);
#46=CIRCLE('',#941,27.5);
#47=CIRCLE('',#942,25.25);
#48=CIRCLE('',#943,25.25);
#49=CIRCLE('',#947,25.25);
#50=CIRCLE('',#949,27.5);
#51=CIRCLE('',#951,25.000001);
#52=CIRCLE('',#953,27.5);
#53=PLANE('',#883);
#54=PLANE('',#885);
#55=PLANE('',#890);
#56=PLANE('',#891);
#57=PLANE('',#895);
#58=PLANE('',#897);
#59=PLANE('',#901);
#60=PLANE('',#903);
#61=PLANE('',#907);
#62=PLANE('',#909);
#63=PLANE('',#913);
#64=PLANE('',#915);
#65=PLANE('',#919);
#66=PLANE('',#923);
#67=PLANE('',#925);
#68=PLANE('',#927);
#69=PLANE('',#931);
#70=PLANE('',#937);
#71=PLANE('',#939);
#72=PLANE('',#945);
#73=PLANE('',#948);
#74=PLANE('',#954);
#75=FACE_OUTER_BOUND('',#118,.T.);
#76=FACE_OUTER_BOUND('',#119,.T.);
#77=FACE_OUTER_BOUND('',#120,.T.);
#78=FACE_OUTER_BOUND('',#121,.T.);
#79=FACE_OUTER_BOUND('',#123,.T.);
#80=FACE_OUTER_BOUND('',#124,.T.);
#81=FACE_OUTER_BOUND('',#125,.T.);
#82=FACE_OUTER_BOUND('',#126,.T.);
#83=FACE_OUTER_BOUND('',#127,.T.);
#84=FACE_OUTER_BOUND('',#128,.T.);
#85=FACE_OUTER_BOUND('',#129,.T.);
#86=FACE_OUTER_BOUND('',#130,.T.);
#87=FACE_OUTER_BOUND('',#131,.T.);
#88=FACE_OUTER_BOUND('',#132,.T.);
#89=FACE_OUTER_BOUND('',#133,.T.);
#90=FACE_OUTER_BOUND('',#134,.T.);
#91=FACE_OUTER_BOUND('',#135,.T.);
#92=FACE_OUTER_BOUND('',#136,.T.);
#93=FACE_OUTER_BOUND('',#137,.T.);
#94=FACE_OUTER_BOUND('',#138,.T.);
#95=FACE_OUTER_BOUND('',#139,.T.);
#96=FACE_OUTER_BOUND('',#140,.T.);
#97=FACE_OUTER_BOUND('',#141,.T.);
#98=FACE_OUTER_BOUND('',#142,.T.);
#99=FACE_OUTER_BOUND('',#143,.T.);
#100=FACE_OUTER_BOUND('',#144,.T.);
#101=FACE_OUTER_BOUND('',#145,.T.);
#102=FACE_OUTER_BOUND('',#146,.T.);
#103=FACE_OUTER_BOUND('',#147,.T.);
#104=FACE_OUTER_BOUND('',#148,.T.);
#105=FACE_OUTER_BOUND('',#149,.T.);
#106=FACE_OUTER_BOUND('',#150,.T.);
#107=FACE_OUTER_BOUND('',#151,.T.);
#108=FACE_OUTER_BOUND('',#152,.T.);
#109=FACE_OUTER_BOUND('',#153,.T.);
#110=FACE_OUTER_BOUND('',#154,.T.);
#111=FACE_OUTER_BOUND('',#155,.T.);
#112=FACE_OUTER_BOUND('',#156,.T.);
#113=FACE_OUTER_BOUND('',#157,.T.);
#114=FACE_OUTER_BOUND('',#160,.T.);
#115=FACE_OUTER_BOUND('',#162,.T.);
#116=FACE_OUTER_BOUND('',#163,.T.);
#117=FACE_OUTER_BOUND('',#167,.T.);
#118=EDGE_LOOP('',(#546,#547,#548,#549));
#119=EDGE_LOOP('',(#550,#551,#552,#553));
#120=EDGE_LOOP('',(#554,#555,#556,#557));
#121=EDGE_LOOP('',(#558,#559,#560,#561,#562));
#122=EDGE_LOOP('',(#563));
#123=EDGE_LOOP('',(#564,#565,#566,#567));
#124=EDGE_LOOP('',(#568,#569,#570,#571));
#125=EDGE_LOOP('',(#572,#573,#574,#575));
#126=EDGE_LOOP('',(#576,#577,#578,#579));
#127=EDGE_LOOP('',(#580,#581,#582,#583));
#128=EDGE_LOOP('',(#584,#585,#586,#587));
#129=EDGE_LOOP('',(#588,#589,#590,#591));
#130=EDGE_LOOP('',(#592,#593,#594,#595));
#131=EDGE_LOOP('',(#596,#597,#598,#599));
#132=EDGE_LOOP('',(#600,#601,#602,#603));
#133=EDGE_LOOP('',(#604,#605,#606,#607));
#134=EDGE_LOOP('',(#608,#609,#610,#611));
#135=EDGE_LOOP('',(#612,#613,#614,#615));
#136=EDGE_LOOP('',(#616,#617,#618,#619));
#137=EDGE_LOOP('',(#620,#621,#622,#623));
#138=EDGE_LOOP('',(#624,#625,#626,#627));
#139=EDGE_LOOP('',(#628,#629,#630,#631));
#140=EDGE_LOOP('',(#632,#633,#634,#635));
#141=EDGE_LOOP('',(#636,#637,#638,#639));
#142=EDGE_LOOP('',(#640,#641,#642,#643));
#143=EDGE_LOOP('',(#644,#645,#646,#647));
#144=EDGE_LOOP('',(#648,#649,#650,#651));
#145=EDGE_LOOP('',(#652,#653,#654,#655));
#146=EDGE_LOOP('',(#656,#657,#658,#659));
#147=EDGE_LOOP('',(#660,#661,#662,#663));
#148=EDGE_LOOP('',(#664,#665,#666,#667));
#149=EDGE_LOOP('',(#668,#669,#670,#671));
#150=EDGE_LOOP('',(#672,#673,#674,#675,#676,#677));
#151=EDGE_LOOP('',(#678,#679,#680,#681));
#152=EDGE_LOOP('',(#682,#683,#684,#685));
#153=EDGE_LOOP('',(#686,#687,#688,#689));
#154=EDGE_LOOP('',(#690,#691,#692,#693,#694,#695));
#155=EDGE_LOOP('',(#696,#697,#698,#699));
#156=EDGE_LOOP('',(#700,#701,#702,#703));
#157=EDGE_LOOP('',(#704,#705,#706,#707,#708,#709,#710,#711,#712,#713,#714,
#715,#716,#717,#718,#719,#720,#721,#722,#723,#724,#725,#726,#727,#728,#729,
#730,#731,#732,#733));
#158=EDGE_LOOP('',(#734,#735,#736,#737,#738,#739,#740,#741));
#159=EDGE_LOOP('',(#742,#743,#744,#745,#746,#747,#748,#749));
#160=EDGE_LOOP('',(#750));
#161=EDGE_LOOP('',(#751));
#162=EDGE_LOOP('',(#752,#753,#754,#755));
#163=EDGE_LOOP('',(#756,#757,#758,#759,#760,#761,#762,#763,#764,#765,#766,
#767,#768,#769,#770,#771));
#164=EDGE_LOOP('',(#772,#773,#774,#775,#776,#777,#778,#779));
#165=EDGE_LOOP('',(#780,#781,#782,#783,#784,#785,#786,#787));
#166=EDGE_LOOP('',(#788,#789,#790,#791,#792,#793,#794,#795,#796,#797,#798,
#799,#800,#801));
#167=EDGE_LOOP('',(#802));
#168=EDGE_LOOP('',(#803));
#169=LINE('',#1181,#232);
#170=LINE('',#1193,#233);
#171=LINE('',#1196,#234);
#172=LINE('',#1198,#235);
#173=LINE('',#1199,#236);
#174=LINE('',#1214,#237);
#175=LINE('',#1226,#238);
#176=LINE('',#1236,#239);
#177=LINE('',#1238,#240);
#178=LINE('',#1239,#241);
#179=LINE('',#1244,#242);
#180=LINE('',#1260,#243);
#181=LINE('',#1272,#244);
#182=LINE('',#1275,#245);
#183=LINE('',#1277,#246);
#184=LINE('',#1278,#247);
#185=LINE('',#1292,#248);
#186=LINE('',#1307,#249);
#187=LINE('',#1322,#250);
#188=LINE('',#1335,#251);
#189=LINE('',#1337,#252);
#190=LINE('',#1338,#253);
#191=LINE('',#1352,#254);
#192=LINE('',#1380,#255);
#193=LINE('',#1392,#256);
#194=LINE('',#1395,#257);
#195=LINE('',#1397,#258);
#196=LINE('',#1398,#259);
#197=LINE('',#1412,#260);
#198=LINE('',#1427,#261);
#199=LINE('',#1442,#262);
#200=LINE('',#1455,#263);
#201=LINE('',#1457,#264);
#202=LINE('',#1458,#265);
#203=LINE('',#1472,#266);
#204=LINE('',#1500,#267);
#205=LINE('',#1512,#268);
#206=LINE('',#1529,#269);
#207=LINE('',#1542,#270);
#208=LINE('',#1544,#271);
#209=LINE('',#1545,#272);
#210=LINE('',#1560,#273);
#211=LINE('',#1572,#274);
#212=LINE('',#1574,#275);
#213=LINE('',#1575,#276);
#214=LINE('',#1589,#277);
#215=LINE('',#1617,#278);
#216=LINE('',#1629,#279);
#217=LINE('',#1636,#280);
#218=LINE('',#1653,#281);
#219=LINE('',#1666,#282);
#220=LINE('',#1668,#283);
#221=LINE('',#1669,#284);
#222=LINE('',#1683,#285);
#223=LINE('',#1700,#286);
#224=LINE('',#1717,#287);
#225=LINE('',#1729,#288);
#226=LINE('',#1730,#289);
#227=LINE('',#1734,#290);
#228=LINE('',#1735,#291);
#229=LINE('',#1742,#292);
#230=LINE('',#1746,#293);
#231=LINE('',#1747,#294);
#232=VECTOR('',#959,10.);
#233=VECTOR('',#960,10.);
#234=VECTOR('',#963,10.);
#235=VECTOR('',#964,10.);
#236=VECTOR('',#965,10.);
#237=VECTOR('',#968,10.);
#238=VECTOR('',#969,10.);
#239=VECTOR('',#982,10.);
#240=VECTOR('',#983,10.);
#241=VECTOR('',#984,10.);
#242=VECTOR('',#989,10.);
#243=VECTOR('',#994,10.);
#244=VECTOR('',#995,10.);
#245=VECTOR('',#998,10.);
#246=VECTOR('',#999,10.);
#247=VECTOR('',#1000,10.);
#248=VECTOR('',#1003,10.);
#249=VECTOR('',#1008,10.);
#250=VECTOR('',#1013,10.);
#251=VECTOR('',#1016,10.);
#252=VECTOR('',#1017,10.);
#253=VECTOR('',#1018,10.);
#254=VECTOR('',#1021,10.);
#255=VECTOR('',#1030,10.);
#256=VECTOR('',#1031,10.);
#257=VECTOR('',#1034,10.);
#258=VECTOR('',#1035,10.);
#259=VECTOR('',#1036,10.);
#260=VECTOR('',#1039,10.);
#261=VECTOR('',#1044,10.);
#262=VECTOR('',#1049,10.);
#263=VECTOR('',#1052,10.);
#264=VECTOR('',#1053,10.);
#265=VECTOR('',#1054,10.);
#266=VECTOR('',#1057,10.);
#267=VECTOR('',#1066,10.);
#268=VECTOR('',#1067,10.);
#269=VECTOR('',#1076,10.);
#270=VECTOR('',#1079,10.);
#271=VECTOR('',#1080,10.);
#272=VECTOR('',#1081,10.);
#273=VECTOR('',#1084,10.);
#274=VECTOR('',#1085,10.);
#275=VECTOR('',#1088,10.);
#276=VECTOR('',#1089,10.);
#277=VECTOR('',#1092,10.);
#278=VECTOR('',#1101,10.);
#279=VECTOR('',#1102,10.);
#280=VECTOR('',#1109,10.);
#281=VECTOR('',#1116,10.);
#282=VECTOR('',#1119,10.);
#283=VECTOR('',#1120,10.);
#284=VECTOR('',#1121,10.);
#285=VECTOR('',#1124,10.);
#286=VECTOR('',#1131,10.);
#287=VECTOR('',#1138,10.);
#288=VECTOR('',#1141,10.);
#289=VECTOR('',#1142,10.);
#290=VECTOR('',#1147,25.25);
#291=VECTOR('',#1148,25.25);
#292=VECTOR('',#1157,25.000001);
#293=VECTOR('',#1162,27.5);
#294=VECTOR('',#1163,27.5);
#295=B_SPLINE_CURVE_WITH_KNOTS('',3,(#1170,#1171,#1172,#1173,#1174,#1175,
#1176,#1177,#1178,#1179),.UNSPECIFIED.,.F.,.F.,(4,2,2,2,4),(0.264381707667168,
0.331155874128952,0.397930040590736,0.46386968967396,0.529809338757184),
 .UNSPECIFIED.);
#296=B_SPLINE_CURVE_WITH_KNOTS('',3,(#1183,#1184,#1185,#1186,#1187,#1188,
#1189,#1190,#1191,#1192),.UNSPECIFIED.,.F.,.F.,(4,2,2,2,4),(0.,0.0659361666423313,
0.131872333284663,0.198510159566979,0.265147985849295),.UNSPECIFIED.);
#297=B_SPLINE_CURVE_WITH_KNOTS('',3,(#1203,#1204,#1205,#1206,#1207,#1208,
#1209,#1210,#1211,#1212),.UNSPECIFIED.,.F.,.F.,(4,2,2,2,4),(0.528163669802637,
0.594193077542462,0.660222485282287,0.726368703620529,0.792514921958771),
 .UNSPECIFIED.);
#298=B_SPLINE_CURVE_WITH_KNOTS('',3,(#1216,#1217,#1218,#1219,#1220,#1221,
#1222,#1223,#1224,#1225),.UNSPECIFIED.,.F.,.F.,(4,2,2,2,4),(-0.264245081057732,
-0.198065772583167,-0.131886464108601,-0.0659432320543007,0.),
 .UNSPECIFIED.);
#299=B_SPLINE_CURVE_WITH_KNOTS('',3,(#1249,#1250,#1251,#1252,#1253,#1254,
#1255,#1256,#1257,#1258),.UNSPECIFIED.,.F.,.F.,(4,2,2,2,4),(0.777050718758245,
0.994952097003211,1.21285347524818,1.40269532963848,1.59253718402879),
 .UNSPECIFIED.);
#300=B_SPLINE_CURVE_WITH_KNOTS('',3,(#1262,#1263,#1264,#1265,#1266,#1267,
#1268,#1269,#1270,#1271),.UNSPECIFIED.,.F.,.F.,(4,2,2,2,4),(1.57627350879741,
1.76563548782717,1.95499746685692,2.16727805845125,2.37955865004559),
 .UNSPECIFIED.);
#301=B_SPLINE_CURVE_WITH_KNOTS('',3,(#1281,#1282,#1283,#1284,#1285,#1286,
#1287,#1288,#1289,#1290),.UNSPECIFIED.,.F.,.F.,(4,2,2,2,4),(1.59253718402879,
1.78237903841909,1.9722208928094,2.19012227105436,2.40802364929933),
 .UNSPECIFIED.);
#302=B_SPLINE_CURVE_WITH_KNOTS('',3,(#1293,#1294,#1295,#1296,#1297,#1298,
#1299,#1300,#1301,#1302),.UNSPECIFIED.,.F.,.F.,(4,2,2,2,4),(0.772988367549233,
0.985268959143566,1.1975495507379,1.38691152976765,1.57627350879741),
 .UNSPECIFIED.);
#303=B_SPLINE_CURVE_WITH_KNOTS('',3,(#1311,#1312,#1313,#1314,#1315,#1316,
#1317,#1318,#1319,#1320),.UNSPECIFIED.,.F.,.F.,(4,2,2,2,4),(-0.815486465270542,
-0.597585087025575,-0.379683708780609,-0.189841854390304,0.),
 .UNSPECIFIED.);
#304=B_SPLINE_CURVE_WITH_KNOTS('',3,(#1323,#1324,#1325,#1326,#1327,#1328,
#1329,#1330,#1331,#1332),.UNSPECIFIED.,.F.,.F.,(4,2,2,2,4),(0.,0.189361979029756,
0.378723958059513,0.591004549653845,0.803285141248177),.UNSPECIFIED.);
#305=B_SPLINE_CURVE_WITH_KNOTS('',3,(#1341,#1342,#1343,#1344,#1345,#1346,
#1347,#1348,#1349,#1350),.UNSPECIFIED.,.F.,.F.,(4,2,2,2,4),(0.,0.189841854390304,
0.379683708780609,0.597585087025575,0.815486465270542),.UNSPECIFIED.);
#306=B_SPLINE_CURVE_WITH_KNOTS('',3,(#1353,#1354,#1355,#1356,#1357,#1358,
#1359,#1360,#1361,#1362),.UNSPECIFIED.,.F.,.F.,(4,2,2,2,4),(-0.803285141248176,
-0.591004549653844,-0.378723958059513,-0.189361979029756,0.),
 .UNSPECIFIED.);
#307=B_SPLINE_CURVE_WITH_KNOTS('',3,(#1369,#1370,#1371,#1372,#1373,#1374,
#1375,#1376,#1377,#1378),.UNSPECIFIED.,.F.,.F.,(4,2,2,2,4),(0.777050718758245,
0.994952097003211,1.21285347524818,1.40269532963848,1.59253718402879),
 .UNSPECIFIED.);
#308=B_SPLINE_CURVE_WITH_KNOTS('',3,(#1382,#1383,#1384,#1385,#1386,#1387,
#1388,#1389,#1390,#1391),.UNSPECIFIED.,.F.,.F.,(4,2,2,2,4),(1.57627350879741,
1.76563548782717,1.95499746685692,2.16727805845125,2.37955865004559),
 .UNSPECIFIED.);
#309=B_SPLINE_CURVE_WITH_KNOTS('',3,(#1401,#1402,#1403,#1404,#1405,#1406,
#1407,#1408,#1409,#1410),.UNSPECIFIED.,.F.,.F.,(4,2,2,2,4),(1.59253718402879,
1.78237903841909,1.9722208928094,2.19012227105436,2.40802364929933),
 .UNSPECIFIED.);
#310=B_SPLINE_CURVE_WITH_KNOTS('',3,(#1413,#1414,#1415,#1416,#1417,#1418,
#1419,#1420,#1421,#1422),.UNSPECIFIED.,.F.,.F.,(4,2,2,2,4),(0.772988367549232,
0.985268959143566,1.1975495507379,1.38691152976765,1.57627350879741),
 .UNSPECIFIED.);
#311=B_SPLINE_CURVE_WITH_KNOTS('',3,(#1431,#1432,#1433,#1434,#1435,#1436,
#1437,#1438,#1439,#1440),.UNSPECIFIED.,.F.,.F.,(4,2,2,2,4),(-0.815486465270541,
-0.597585087025576,-0.379683708780611,-0.189841854390305,0.),
 .UNSPECIFIED.);
#312=B_SPLINE_CURVE_WITH_KNOTS('',3,(#1443,#1444,#1445,#1446,#1447,#1448,
#1449,#1450,#1451,#1452),.UNSPECIFIED.,.F.,.F.,(4,2,2,2,4),(0.,0.189361979029756,
0.378723958059513,0.591004549653845,0.803285141248177),.UNSPECIFIED.);
#313=B_SPLINE_CURVE_WITH_KNOTS('',3,(#1461,#1462,#1463,#1464,#1465,#1466,
#1467,#1468,#1469,#1470),.UNSPECIFIED.,.F.,.F.,(4,2,2,2,4),(0.,0.189841854390305,
0.37968370878061,0.597585087025575,0.81548646527054),.UNSPECIFIED.);
#314=B_SPLINE_CURVE_WITH_KNOTS('',3,(#1473,#1474,#1475,#1476,#1477,#1478,
#1479,#1480,#1481,#1482),.UNSPECIFIED.,.F.,.F.,(4,2,2,2,4),(-0.803285141248177,
-0.591004549653845,-0.378723958059513,-0.189361979029756,0.),
 .UNSPECIFIED.);
#315=B_SPLINE_CURVE_WITH_KNOTS('',3,(#1489,#1490,#1491,#1492,#1493,#1494,
#1495,#1496,#1497,#1498),.UNSPECIFIED.,.F.,.F.,(4,2,2,2,4),(0.,0.189361979029756,
0.378723958059513,0.591004549653845,0.803285141248176),.UNSPECIFIED.);
#316=B_SPLINE_CURVE_WITH_KNOTS('',3,(#1502,#1503,#1504,#1505,#1506,#1507,
#1508,#1509,#1510,#1511),.UNSPECIFIED.,.F.,.F.,(4,2,2,2,4),(-0.815486465270542,
-0.597585087025575,-0.379683708780609,-0.189841854390304,0.),
 .UNSPECIFIED.);
#317=B_SPLINE_CURVE_WITH_KNOTS('',3,(#1518,#1519,#1520,#1521,#1522,#1523,
#1524,#1525,#1526,#1527),.UNSPECIFIED.,.F.,.F.,(4,2,2,2,4),(0.772988367549233,
0.985268959143565,1.1975495507379,1.38691152976765,1.57627350879741),
 .UNSPECIFIED.);
#318=B_SPLINE_CURVE_WITH_KNOTS('',3,(#1530,#1531,#1532,#1533,#1534,#1535,
#1536,#1537,#1538,#1539),.UNSPECIFIED.,.F.,.F.,(4,2,2,2,4),(1.59253718402879,
1.78237903841909,1.9722208928094,2.19012227105436,2.40802364929933),
 .UNSPECIFIED.);
#319=B_SPLINE_CURVE_WITH_KNOTS('',3,(#1549,#1550,#1551,#1552,#1553,#1554,
#1555,#1556,#1557,#1558),.UNSPECIFIED.,.F.,.F.,(4,2,2,2,4),(-0.803285141248177,
-0.591004549653845,-0.378723958059513,-0.189361979029757,0.),
 .UNSPECIFIED.);
#320=B_SPLINE_CURVE_WITH_KNOTS('',3,(#1562,#1563,#1564,#1565,#1566,#1567,
#1568,#1569,#1570,#1571),.UNSPECIFIED.,.F.,.F.,(4,2,2,2,4),(0.,0.189841854390304,
0.379683708780609,0.597585087025575,0.815486465270542),.UNSPECIFIED.);
#321=B_SPLINE_CURVE_WITH_KNOTS('',3,(#1578,#1579,#1580,#1581,#1582,#1583,
#1584,#1585,#1586,#1587),.UNSPECIFIED.,.F.,.F.,(4,2,2,2,4),(1.57627350879741,
1.76563548782717,1.95499746685692,2.16727805845125,2.37955865004559),
 .UNSPECIFIED.);
#322=B_SPLINE_CURVE_WITH_KNOTS('',3,(#1590,#1591,#1592,#1593,#1594,#1595,
#1596,#1597,#1598,#1599),.UNSPECIFIED.,.F.,.F.,(4,2,2,2,4),(0.777050718758245,
0.994952097003211,1.21285347524818,1.40269532963848,1.59253718402879),
 .UNSPECIFIED.);
#323=B_SPLINE_CURVE_WITH_KNOTS('',3,(#1606,#1607,#1608,#1609,#1610,#1611,
#1612,#1613,#1614,#1615),.UNSPECIFIED.,.F.,.F.,(4,2,2,2,4),(0.,0.189361979029756,
0.378723958059513,0.591004549653845,0.803285141248177),.UNSPECIFIED.);
#324=B_SPLINE_CURVE_WITH_KNOTS('',3,(#1619,#1620,#1621,#1622,#1623,#1624,
#1625,#1626,#1627,#1628),.UNSPECIFIED.,.F.,.F.,(4,2,2,2,4),(-0.81548646527054,
-0.597585087025575,-0.379683708780611,-0.189841854390305,0.),
 .UNSPECIFIED.);
#325=B_SPLINE_CURVE_WITH_KNOTS('',3,(#1642,#1643,#1644,#1645,#1646,#1647,
#1648,#1649,#1650,#1651),.UNSPECIFIED.,.F.,.F.,(4,2,2,2,4),(0.772988367549233,
0.985268959143566,1.1975495507379,1.38691152976765,1.57627350879741),
 .UNSPECIFIED.);
#326=B_SPLINE_CURVE_WITH_KNOTS('',3,(#1654,#1655,#1656,#1657,#1658,#1659,
#1660,#1661,#1662,#1663),.UNSPECIFIED.,.F.,.F.,(4,2,2,2,4),(1.59253718402879,
1.78237903841909,1.9722208928094,2.19012227105436,2.40802364929933),
 .UNSPECIFIED.);
#327=B_SPLINE_CURVE_WITH_KNOTS('',3,(#1672,#1673,#1674,#1675,#1676,#1677,
#1678,#1679,#1680,#1681),.UNSPECIFIED.,.F.,.F.,(4,2,2,2,4),(1.57627350879741,
1.76563548782717,1.95499746685692,2.16727805845125,2.37955865004559),
 .UNSPECIFIED.);
#328=B_SPLINE_CURVE_WITH_KNOTS('',3,(#1684,#1685,#1686,#1687,#1688,#1689,
#1690,#1691,#1692,#1693),.UNSPECIFIED.,.F.,.F.,(4,2,2,2,4),(0.777050718758245,
0.994952097003211,1.21285347524818,1.40269532963848,1.59253718402879),
 .UNSPECIFIED.);
#329=B_SPLINE_CURVE_WITH_KNOTS('',3,(#1706,#1707,#1708,#1709,#1710,#1711,
#1712,#1713,#1714,#1715),.UNSPECIFIED.,.F.,.F.,(4,2,2,2,4),(-0.803285141248177,
-0.591004549653845,-0.378723958059513,-0.189361979029756,0.),
 .UNSPECIFIED.);
#330=B_SPLINE_CURVE_WITH_KNOTS('',3,(#1718,#1719,#1720,#1721,#1722,#1723,
#1724,#1725,#1726,#1727),.UNSPECIFIED.,.F.,.F.,(4,2,2,2,4),(0.,0.189841854390305,
0.379683708780611,0.597585087025576,0.815486465270541),.UNSPECIFIED.);
#331=VERTEX_POINT('',#1168);
#332=VERTEX_POINT('',#1169);
#333=VERTEX_POINT('',#1180);
#334=VERTEX_POINT('',#1182);
#335=VERTEX_POINT('',#1195);
#336=VERTEX_POINT('',#1197);
#337=VERTEX_POINT('',#1201);
#338=VERTEX_POINT('',#1202);
#339=VERTEX_POINT('',#1213);
#340=VERTEX_POINT('',#1215);
#341=VERTEX_POINT('',#1229);
#342=VERTEX_POINT('',#1232);
#343=VERTEX_POINT('',#1235);
#344=VERTEX_POINT('',#1237);
#345=VERTEX_POINT('',#1241);
#346=VERTEX_POINT('',#1243);
#347=VERTEX_POINT('',#1247);
#348=VERTEX_POINT('',#1248);
#349=VERTEX_POINT('',#1259);
#350=VERTEX_POINT('',#1261);
#351=VERTEX_POINT('',#1274);
#352=VERTEX_POINT('',#1276);
#353=VERTEX_POINT('',#1280);
#354=VERTEX_POINT('',#1291);
#355=VERTEX_POINT('',#1304);
#356=VERTEX_POINT('',#1306);
#357=VERTEX_POINT('',#1310);
#358=VERTEX_POINT('',#1321);
#359=VERTEX_POINT('',#1334);
#360=VERTEX_POINT('',#1336);
#361=VERTEX_POINT('',#1340);
#362=VERTEX_POINT('',#1351);
#363=VERTEX_POINT('',#1367);
#364=VERTEX_POINT('',#1368);
#365=VERTEX_POINT('',#1379);
#366=VERTEX_POINT('',#1381);
#367=VERTEX_POINT('',#1394);
#368=VERTEX_POINT('',#1396);
#369=VERTEX_POINT('',#1400);
#370=VERTEX_POINT('',#1411);
#371=VERTEX_POINT('',#1424);
#372=VERTEX_POINT('',#1426);
#373=VERTEX_POINT('',#1430);
#374=VERTEX_POINT('',#1441);
#375=VERTEX_POINT('',#1454);
#376=VERTEX_POINT('',#1456);
#377=VERTEX_POINT('',#1460);
#378=VERTEX_POINT('',#1471);
#379=VERTEX_POINT('',#1487);
#380=VERTEX_POINT('',#1488);
#381=VERTEX_POINT('',#1499);
#382=VERTEX_POINT('',#1501);
#383=VERTEX_POINT('',#1517);
#384=VERTEX_POINT('',#1528);
#385=VERTEX_POINT('',#1541);
#386=VERTEX_POINT('',#1543);
#387=VERTEX_POINT('',#1547);
#388=VERTEX_POINT('',#1548);
#389=VERTEX_POINT('',#1559);
#390=VERTEX_POINT('',#1561);
#391=VERTEX_POINT('',#1577);
#392=VERTEX_POINT('',#1588);
#393=VERTEX_POINT('',#1604);
#394=VERTEX_POINT('',#1605);
#395=VERTEX_POINT('',#1616);
#396=VERTEX_POINT('',#1618);
#397=VERTEX_POINT('',#1631);
#398=VERTEX_POINT('',#1633);
#399=VERTEX_POINT('',#1635);
#400=VERTEX_POINT('',#1637);
#401=VERTEX_POINT('',#1641);
#402=VERTEX_POINT('',#1652);
#403=VERTEX_POINT('',#1665);
#404=VERTEX_POINT('',#1667);
#405=VERTEX_POINT('',#1671);
#406=VERTEX_POINT('',#1682);
#407=VERTEX_POINT('',#1695);
#408=VERTEX_POINT('',#1697);
#409=VERTEX_POINT('',#1699);
#410=VERTEX_POINT('',#1701);
#411=VERTEX_POINT('',#1705);
#412=VERTEX_POINT('',#1716);
#413=VERTEX_POINT('',#1732);
#414=VERTEX_POINT('',#1737);
#415=VERTEX_POINT('',#1740);
#416=VERTEX_POINT('',#1744);
#417=EDGE_CURVE('',#331,#332,#295,.T.);
#418=EDGE_CURVE('',#332,#333,#169,.T.);
#419=EDGE_CURVE('',#333,#334,#296,.T.);
#420=EDGE_CURVE('',#334,#331,#170,.T.);
#421=EDGE_CURVE('',#335,#332,#171,.T.);
#422=EDGE_CURVE('',#336,#335,#172,.T.);
#423=EDGE_CURVE('',#333,#336,#173,.T.);
#424=EDGE_CURVE('',#337,#338,#297,.T.);
#425=EDGE_CURVE('',#338,#339,#174,.T.);
#426=EDGE_CURVE('',#339,#340,#298,.T.);
#427=EDGE_CURVE('',#340,#337,#175,.T.);
#428=EDGE_CURVE('',#339,#334,#23,.T.);
#429=EDGE_CURVE('',#338,#341,#24,.T.);
#430=EDGE_CURVE('',#341,#331,#25,.T.);
#431=EDGE_CURVE('',#342,#342,#26,.T.);
#432=EDGE_CURVE('',#343,#340,#176,.T.);
#433=EDGE_CURVE('',#344,#343,#177,.T.);
#434=EDGE_CURVE('',#337,#344,#178,.T.);
#435=EDGE_CURVE('',#345,#343,#27,.T.);
#436=EDGE_CURVE('',#346,#345,#179,.T.);
#437=EDGE_CURVE('',#344,#346,#28,.T.);
#438=EDGE_CURVE('',#347,#348,#299,.T.);
#439=EDGE_CURVE('',#348,#349,#180,.T.);
#440=EDGE_CURVE('',#349,#350,#300,.T.);
#441=EDGE_CURVE('',#350,#347,#181,.T.);
#442=EDGE_CURVE('',#351,#348,#182,.T.);
#443=EDGE_CURVE('',#352,#351,#183,.T.);
#444=EDGE_CURVE('',#349,#352,#184,.T.);
#445=EDGE_CURVE('',#351,#353,#301,.T.);
#446=EDGE_CURVE('',#353,#354,#185,.T.);
#447=EDGE_CURVE('',#354,#352,#302,.T.);
#448=EDGE_CURVE('',#355,#353,#29,.T.);
#449=EDGE_CURVE('',#356,#355,#186,.T.);
#450=EDGE_CURVE('',#354,#356,#30,.T.);
#451=EDGE_CURVE('',#355,#357,#303,.T.);
#452=EDGE_CURVE('',#357,#358,#187,.T.);
#453=EDGE_CURVE('',#358,#356,#304,.T.);
#454=EDGE_CURVE('',#359,#357,#188,.T.);
#455=EDGE_CURVE('',#360,#359,#189,.T.);
#456=EDGE_CURVE('',#358,#360,#190,.T.);
#457=EDGE_CURVE('',#359,#361,#305,.T.);
#458=EDGE_CURVE('',#361,#362,#191,.T.);
#459=EDGE_CURVE('',#362,#360,#306,.T.);
#460=EDGE_CURVE('',#362,#350,#31,.T.);
#461=EDGE_CURVE('',#347,#361,#32,.T.);
#462=EDGE_CURVE('',#363,#364,#307,.T.);
#463=EDGE_CURVE('',#364,#365,#192,.T.);
#464=EDGE_CURVE('',#365,#366,#308,.T.);
#465=EDGE_CURVE('',#366,#363,#193,.T.);
#466=EDGE_CURVE('',#367,#364,#194,.T.);
#467=EDGE_CURVE('',#368,#367,#195,.T.);
#468=EDGE_CURVE('',#365,#368,#196,.T.);
#469=EDGE_CURVE('',#367,#369,#309,.T.);
#470=EDGE_CURVE('',#369,#370,#197,.T.);
#471=EDGE_CURVE('',#370,#368,#310,.T.);
#472=EDGE_CURVE('',#371,#369,#33,.T.);
#473=EDGE_CURVE('',#372,#371,#198,.T.);
#474=EDGE_CURVE('',#370,#372,#34,.T.);
#475=EDGE_CURVE('',#371,#373,#311,.T.);
#476=EDGE_CURVE('',#373,#374,#199,.T.);
#477=EDGE_CURVE('',#374,#372,#312,.T.);
#478=EDGE_CURVE('',#375,#373,#200,.T.);
#479=EDGE_CURVE('',#376,#375,#201,.T.);
#480=EDGE_CURVE('',#374,#376,#202,.T.);
#481=EDGE_CURVE('',#375,#377,#313,.T.);
#482=EDGE_CURVE('',#377,#378,#203,.T.);
#483=EDGE_CURVE('',#378,#376,#314,.T.);
#484=EDGE_CURVE('',#378,#366,#35,.T.);
#485=EDGE_CURVE('',#363,#377,#36,.T.);
#486=EDGE_CURVE('',#379,#380,#315,.T.);
#487=EDGE_CURVE('',#380,#381,#204,.T.);
#488=EDGE_CURVE('',#381,#382,#316,.T.);
#489=EDGE_CURVE('',#382,#379,#205,.T.);
#490=EDGE_CURVE('',#381,#335,#37,.T.);
#491=EDGE_CURVE('',#336,#380,#38,.T.);
#492=EDGE_CURVE('',#345,#383,#317,.T.);
#493=EDGE_CURVE('',#383,#384,#206,.T.);
#494=EDGE_CURVE('',#384,#346,#318,.T.);
#495=EDGE_CURVE('',#385,#383,#207,.T.);
#496=EDGE_CURVE('',#386,#385,#208,.T.);
#497=EDGE_CURVE('',#384,#386,#209,.T.);
#498=EDGE_CURVE('',#387,#388,#319,.T.);
#499=EDGE_CURVE('',#388,#389,#210,.T.);
#500=EDGE_CURVE('',#389,#390,#320,.T.);
#501=EDGE_CURVE('',#390,#387,#211,.T.);
#502=EDGE_CURVE('',#389,#382,#212,.T.);
#503=EDGE_CURVE('',#379,#388,#213,.T.);
#504=EDGE_CURVE('',#385,#391,#321,.T.);
#505=EDGE_CURVE('',#391,#392,#214,.T.);
#506=EDGE_CURVE('',#392,#386,#322,.T.);
#507=EDGE_CURVE('',#392,#390,#39,.T.);
#508=EDGE_CURVE('',#387,#391,#40,.T.);
#509=EDGE_CURVE('',#393,#394,#323,.T.);
#510=EDGE_CURVE('',#394,#395,#215,.T.);
#511=EDGE_CURVE('',#395,#396,#324,.T.);
#512=EDGE_CURVE('',#396,#393,#216,.T.);
#513=EDGE_CURVE('',#397,#394,#41,.T.);
#514=EDGE_CURVE('',#398,#397,#42,.T.);
#515=EDGE_CURVE('',#399,#398,#217,.T.);
#516=EDGE_CURVE('',#400,#399,#43,.T.);
#517=EDGE_CURVE('',#395,#400,#44,.T.);
#518=EDGE_CURVE('',#398,#401,#325,.T.);
#519=EDGE_CURVE('',#401,#402,#218,.T.);
#520=EDGE_CURVE('',#402,#399,#326,.T.);
#521=EDGE_CURVE('',#403,#401,#219,.T.);
#522=EDGE_CURVE('',#404,#403,#220,.T.);
#523=EDGE_CURVE('',#402,#404,#221,.T.);
#524=EDGE_CURVE('',#403,#405,#327,.T.);
#525=EDGE_CURVE('',#405,#406,#222,.T.);
#526=EDGE_CURVE('',#406,#404,#328,.T.);
#527=EDGE_CURVE('',#407,#405,#45,.T.);
#528=EDGE_CURVE('',#408,#407,#46,.T.);
#529=EDGE_CURVE('',#409,#408,#223,.T.);
#530=EDGE_CURVE('',#410,#409,#47,.T.);
#531=EDGE_CURVE('',#406,#410,#48,.T.);
#532=EDGE_CURVE('',#408,#411,#329,.T.);
#533=EDGE_CURVE('',#411,#412,#224,.T.);
#534=EDGE_CURVE('',#412,#409,#330,.T.);
#535=EDGE_CURVE('',#412,#396,#225,.T.);
#536=EDGE_CURVE('',#393,#411,#226,.T.);
#537=EDGE_CURVE('',#413,#413,#49,.T.);
#538=EDGE_CURVE('',#413,#410,#227,.T.);
#539=EDGE_CURVE('',#400,#341,#228,.T.);
#540=EDGE_CURVE('',#414,#414,#50,.T.);
#541=EDGE_CURVE('',#415,#415,#51,.T.);
#542=EDGE_CURVE('',#415,#342,#229,.T.);
#543=EDGE_CURVE('',#416,#416,#52,.T.);
#544=EDGE_CURVE('',#416,#397,#230,.T.);
#545=EDGE_CURVE('',#407,#414,#231,.T.);
#546=ORIENTED_EDGE('',*,*,#417,.T.);
#547=ORIENTED_EDGE('',*,*,#418,.T.);
#548=ORIENTED_EDGE('',*,*,#419,.T.);
#549=ORIENTED_EDGE('',*,*,#420,.T.);
#550=ORIENTED_EDGE('',*,*,#418,.F.);
#551=ORIENTED_EDGE('',*,*,#421,.F.);
#552=ORIENTED_EDGE('',*,*,#422,.F.);
#553=ORIENTED_EDGE('',*,*,#423,.F.);
#554=ORIENTED_EDGE('',*,*,#424,.T.);
#555=ORIENTED_EDGE('',*,*,#425,.T.);
#556=ORIENTED_EDGE('',*,*,#426,.T.);
#557=ORIENTED_EDGE('',*,*,#427,.T.);
#558=ORIENTED_EDGE('',*,*,#420,.F.);
#559=ORIENTED_EDGE('',*,*,#428,.F.);
#560=ORIENTED_EDGE('',*,*,#425,.F.);
#561=ORIENTED_EDGE('',*,*,#429,.T.);
#562=ORIENTED_EDGE('',*,*,#430,.T.);
#563=ORIENTED_EDGE('',*,*,#431,.F.);
#564=ORIENTED_EDGE('',*,*,#427,.F.);
#565=ORIENTED_EDGE('',*,*,#432,.F.);
#566=ORIENTED_EDGE('',*,*,#433,.F.);
#567=ORIENTED_EDGE('',*,*,#434,.F.);
#568=ORIENTED_EDGE('',*,*,#433,.T.);
#569=ORIENTED_EDGE('',*,*,#435,.F.);
#570=ORIENTED_EDGE('',*,*,#436,.F.);
#571=ORIENTED_EDGE('',*,*,#437,.F.);
#572=ORIENTED_EDGE('',*,*,#438,.T.);
#573=ORIENTED_EDGE('',*,*,#439,.T.);
#574=ORIENTED_EDGE('',*,*,#440,.T.);
#575=ORIENTED_EDGE('',*,*,#441,.T.);
#576=ORIENTED_EDGE('',*,*,#439,.F.);
#577=ORIENTED_EDGE('',*,*,#442,.F.);
#578=ORIENTED_EDGE('',*,*,#443,.F.);
#579=ORIENTED_EDGE('',*,*,#444,.F.);
#580=ORIENTED_EDGE('',*,*,#445,.T.);
#581=ORIENTED_EDGE('',*,*,#446,.T.);
#582=ORIENTED_EDGE('',*,*,#447,.T.);
#583=ORIENTED_EDGE('',*,*,#443,.T.);
#584=ORIENTED_EDGE('',*,*,#446,.F.);
#585=ORIENTED_EDGE('',*,*,#448,.F.);
#586=ORIENTED_EDGE('',*,*,#449,.F.);
#587=ORIENTED_EDGE('',*,*,#450,.F.);
#588=ORIENTED_EDGE('',*,*,#451,.T.);
#589=ORIENTED_EDGE('',*,*,#452,.T.);
#590=ORIENTED_EDGE('',*,*,#453,.T.);
#591=ORIENTED_EDGE('',*,*,#449,.T.);
#592=ORIENTED_EDGE('',*,*,#452,.F.);
#593=ORIENTED_EDGE('',*,*,#454,.F.);
#594=ORIENTED_EDGE('',*,*,#455,.F.);
#595=ORIENTED_EDGE('',*,*,#456,.F.);
#596=ORIENTED_EDGE('',*,*,#457,.T.);
#597=ORIENTED_EDGE('',*,*,#458,.T.);
#598=ORIENTED_EDGE('',*,*,#459,.T.);
#599=ORIENTED_EDGE('',*,*,#455,.T.);
#600=ORIENTED_EDGE('',*,*,#441,.F.);
#601=ORIENTED_EDGE('',*,*,#460,.F.);
#602=ORIENTED_EDGE('',*,*,#458,.F.);
#603=ORIENTED_EDGE('',*,*,#461,.F.);
#604=ORIENTED_EDGE('',*,*,#462,.T.);
#605=ORIENTED_EDGE('',*,*,#463,.T.);
#606=ORIENTED_EDGE('',*,*,#464,.T.);
#607=ORIENTED_EDGE('',*,*,#465,.T.);
#608=ORIENTED_EDGE('',*,*,#463,.F.);
#609=ORIENTED_EDGE('',*,*,#466,.F.);
#610=ORIENTED_EDGE('',*,*,#467,.F.);
#611=ORIENTED_EDGE('',*,*,#468,.F.);
#612=ORIENTED_EDGE('',*,*,#469,.T.);
#613=ORIENTED_EDGE('',*,*,#470,.T.);
#614=ORIENTED_EDGE('',*,*,#471,.T.);
#615=ORIENTED_EDGE('',*,*,#467,.T.);
#616=ORIENTED_EDGE('',*,*,#470,.F.);
#617=ORIENTED_EDGE('',*,*,#472,.F.);
#618=ORIENTED_EDGE('',*,*,#473,.F.);
#619=ORIENTED_EDGE('',*,*,#474,.F.);
#620=ORIENTED_EDGE('',*,*,#475,.T.);
#621=ORIENTED_EDGE('',*,*,#476,.T.);
#622=ORIENTED_EDGE('',*,*,#477,.T.);
#623=ORIENTED_EDGE('',*,*,#473,.T.);
#624=ORIENTED_EDGE('',*,*,#476,.F.);
#625=ORIENTED_EDGE('',*,*,#478,.F.);
#626=ORIENTED_EDGE('',*,*,#479,.F.);
#627=ORIENTED_EDGE('',*,*,#480,.F.);
#628=ORIENTED_EDGE('',*,*,#481,.T.);
#629=ORIENTED_EDGE('',*,*,#482,.T.);
#630=ORIENTED_EDGE('',*,*,#483,.T.);
#631=ORIENTED_EDGE('',*,*,#479,.T.);
#632=ORIENTED_EDGE('',*,*,#465,.F.);
#633=ORIENTED_EDGE('',*,*,#484,.F.);
#634=ORIENTED_EDGE('',*,*,#482,.F.);
#635=ORIENTED_EDGE('',*,*,#485,.F.);
#636=ORIENTED_EDGE('',*,*,#486,.T.);
#637=ORIENTED_EDGE('',*,*,#487,.T.);
#638=ORIENTED_EDGE('',*,*,#488,.T.);
#639=ORIENTED_EDGE('',*,*,#489,.T.);
#640=ORIENTED_EDGE('',*,*,#422,.T.);
#641=ORIENTED_EDGE('',*,*,#490,.F.);
#642=ORIENTED_EDGE('',*,*,#487,.F.);
#643=ORIENTED_EDGE('',*,*,#491,.F.);
#644=ORIENTED_EDGE('',*,*,#492,.T.);
#645=ORIENTED_EDGE('',*,*,#493,.T.);
#646=ORIENTED_EDGE('',*,*,#494,.T.);
#647=ORIENTED_EDGE('',*,*,#436,.T.);
#648=ORIENTED_EDGE('',*,*,#493,.F.);
#649=ORIENTED_EDGE('',*,*,#495,.F.);
#650=ORIENTED_EDGE('',*,*,#496,.F.);
#651=ORIENTED_EDGE('',*,*,#497,.F.);
#652=ORIENTED_EDGE('',*,*,#498,.T.);
#653=ORIENTED_EDGE('',*,*,#499,.T.);
#654=ORIENTED_EDGE('',*,*,#500,.T.);
#655=ORIENTED_EDGE('',*,*,#501,.T.);
#656=ORIENTED_EDGE('',*,*,#489,.F.);
#657=ORIENTED_EDGE('',*,*,#502,.F.);
#658=ORIENTED_EDGE('',*,*,#499,.F.);
#659=ORIENTED_EDGE('',*,*,#503,.F.);
#660=ORIENTED_EDGE('',*,*,#504,.T.);
#661=ORIENTED_EDGE('',*,*,#505,.T.);
#662=ORIENTED_EDGE('',*,*,#506,.T.);
#663=ORIENTED_EDGE('',*,*,#496,.T.);
#664=ORIENTED_EDGE('',*,*,#501,.F.);
#665=ORIENTED_EDGE('',*,*,#507,.F.);
#666=ORIENTED_EDGE('',*,*,#505,.F.);
#667=ORIENTED_EDGE('',*,*,#508,.F.);
#668=ORIENTED_EDGE('',*,*,#509,.T.);
#669=ORIENTED_EDGE('',*,*,#510,.T.);
#670=ORIENTED_EDGE('',*,*,#511,.T.);
#671=ORIENTED_EDGE('',*,*,#512,.T.);
#672=ORIENTED_EDGE('',*,*,#510,.F.);
#673=ORIENTED_EDGE('',*,*,#513,.F.);
#674=ORIENTED_EDGE('',*,*,#514,.F.);
#675=ORIENTED_EDGE('',*,*,#515,.F.);
#676=ORIENTED_EDGE('',*,*,#516,.F.);
#677=ORIENTED_EDGE('',*,*,#517,.F.);
#678=ORIENTED_EDGE('',*,*,#518,.T.);
#679=ORIENTED_EDGE('',*,*,#519,.T.);
#680=ORIENTED_EDGE('',*,*,#520,.T.);
#681=ORIENTED_EDGE('',*,*,#515,.T.);
#682=ORIENTED_EDGE('',*,*,#519,.F.);
#683=ORIENTED_EDGE('',*,*,#521,.F.);
#684=ORIENTED_EDGE('',*,*,#522,.F.);
#685=ORIENTED_EDGE('',*,*,#523,.F.);
#686=ORIENTED_EDGE('',*,*,#524,.T.);
#687=ORIENTED_EDGE('',*,*,#525,.T.);
#688=ORIENTED_EDGE('',*,*,#526,.T.);
#689=ORIENTED_EDGE('',*,*,#522,.T.);
#690=ORIENTED_EDGE('',*,*,#525,.F.);
#691=ORIENTED_EDGE('',*,*,#527,.F.);
#692=ORIENTED_EDGE('',*,*,#528,.F.);
#693=ORIENTED_EDGE('',*,*,#529,.F.);
#694=ORIENTED_EDGE('',*,*,#530,.F.);
#695=ORIENTED_EDGE('',*,*,#531,.F.);
#696=ORIENTED_EDGE('',*,*,#532,.T.);
#697=ORIENTED_EDGE('',*,*,#533,.T.);
#698=ORIENTED_EDGE('',*,*,#534,.T.);
#699=ORIENTED_EDGE('',*,*,#529,.T.);
#700=ORIENTED_EDGE('',*,*,#512,.F.);
#701=ORIENTED_EDGE('',*,*,#535,.F.);
#702=ORIENTED_EDGE('',*,*,#533,.F.);
#703=ORIENTED_EDGE('',*,*,#536,.F.);
#704=ORIENTED_EDGE('',*,*,#537,.F.);
#705=ORIENTED_EDGE('',*,*,#538,.T.);
#706=ORIENTED_EDGE('',*,*,#530,.T.);
#707=ORIENTED_EDGE('',*,*,#534,.F.);
#708=ORIENTED_EDGE('',*,*,#535,.T.);
#709=ORIENTED_EDGE('',*,*,#511,.F.);
#710=ORIENTED_EDGE('',*,*,#517,.T.);
#711=ORIENTED_EDGE('',*,*,#539,.T.);
#712=ORIENTED_EDGE('',*,*,#429,.F.);
#713=ORIENTED_EDGE('',*,*,#424,.F.);
#714=ORIENTED_EDGE('',*,*,#434,.T.);
#715=ORIENTED_EDGE('',*,*,#437,.T.);
#716=ORIENTED_EDGE('',*,*,#494,.F.);
#717=ORIENTED_EDGE('',*,*,#497,.T.);
#718=ORIENTED_EDGE('',*,*,#506,.F.);
#719=ORIENTED_EDGE('',*,*,#507,.T.);
#720=ORIENTED_EDGE('',*,*,#500,.F.);
#721=ORIENTED_EDGE('',*,*,#502,.T.);
#722=ORIENTED_EDGE('',*,*,#488,.F.);
#723=ORIENTED_EDGE('',*,*,#490,.T.);
#724=ORIENTED_EDGE('',*,*,#421,.T.);
#725=ORIENTED_EDGE('',*,*,#417,.F.);
#726=ORIENTED_EDGE('',*,*,#430,.F.);
#727=ORIENTED_EDGE('',*,*,#539,.F.);
#728=ORIENTED_EDGE('',*,*,#516,.T.);
#729=ORIENTED_EDGE('',*,*,#520,.F.);
#730=ORIENTED_EDGE('',*,*,#523,.T.);
#731=ORIENTED_EDGE('',*,*,#526,.F.);
#732=ORIENTED_EDGE('',*,*,#531,.T.);
#733=ORIENTED_EDGE('',*,*,#538,.F.);
#734=ORIENTED_EDGE('',*,*,#454,.T.);
#735=ORIENTED_EDGE('',*,*,#451,.F.);
#736=ORIENTED_EDGE('',*,*,#448,.T.);
#737=ORIENTED_EDGE('',*,*,#445,.F.);
#738=ORIENTED_EDGE('',*,*,#442,.T.);
#739=ORIENTED_EDGE('',*,*,#438,.F.);
#740=ORIENTED_EDGE('',*,*,#461,.T.);
#741=ORIENTED_EDGE('',*,*,#457,.F.);
#742=ORIENTED_EDGE('',*,*,#478,.T.);
#743=ORIENTED_EDGE('',*,*,#475,.F.);
#744=ORIENTED_EDGE('',*,*,#472,.T.);
#745=ORIENTED_EDGE('',*,*,#469,.F.);
#746=ORIENTED_EDGE('',*,*,#466,.T.);
#747=ORIENTED_EDGE('',*,*,#462,.F.);
#748=ORIENTED_EDGE('',*,*,#485,.T.);
#749=ORIENTED_EDGE('',*,*,#481,.F.);
#750=ORIENTED_EDGE('',*,*,#540,.T.);
#751=ORIENTED_EDGE('',*,*,#537,.T.);
#752=ORIENTED_EDGE('',*,*,#541,.F.);
#753=ORIENTED_EDGE('',*,*,#542,.T.);
#754=ORIENTED_EDGE('',*,*,#431,.T.);
#755=ORIENTED_EDGE('',*,*,#542,.F.);
#756=ORIENTED_EDGE('',*,*,#543,.F.);
#757=ORIENTED_EDGE('',*,*,#544,.T.);
#758=ORIENTED_EDGE('',*,*,#513,.T.);
#759=ORIENTED_EDGE('',*,*,#509,.F.);
#760=ORIENTED_EDGE('',*,*,#536,.T.);
#761=ORIENTED_EDGE('',*,*,#532,.F.);
#762=ORIENTED_EDGE('',*,*,#528,.T.);
#763=ORIENTED_EDGE('',*,*,#545,.T.);
#764=ORIENTED_EDGE('',*,*,#540,.F.);
#765=ORIENTED_EDGE('',*,*,#545,.F.);
#766=ORIENTED_EDGE('',*,*,#527,.T.);
#767=ORIENTED_EDGE('',*,*,#524,.F.);
#768=ORIENTED_EDGE('',*,*,#521,.T.);
#769=ORIENTED_EDGE('',*,*,#518,.F.);
#770=ORIENTED_EDGE('',*,*,#514,.T.);
#771=ORIENTED_EDGE('',*,*,#544,.F.);
#772=ORIENTED_EDGE('',*,*,#456,.T.);
#773=ORIENTED_EDGE('',*,*,#459,.F.);
#774=ORIENTED_EDGE('',*,*,#460,.T.);
#775=ORIENTED_EDGE('',*,*,#440,.F.);
#776=ORIENTED_EDGE('',*,*,#444,.T.);
#777=ORIENTED_EDGE('',*,*,#447,.F.);
#778=ORIENTED_EDGE('',*,*,#450,.T.);
#779=ORIENTED_EDGE('',*,*,#453,.F.);
#780=ORIENTED_EDGE('',*,*,#480,.T.);
#781=ORIENTED_EDGE('',*,*,#483,.F.);
#782=ORIENTED_EDGE('',*,*,#484,.T.);
#783=ORIENTED_EDGE('',*,*,#464,.F.);
#784=ORIENTED_EDGE('',*,*,#468,.T.);
#785=ORIENTED_EDGE('',*,*,#471,.F.);
#786=ORIENTED_EDGE('',*,*,#474,.T.);
#787=ORIENTED_EDGE('',*,*,#477,.F.);
#788=ORIENTED_EDGE('',*,*,#428,.T.);
#789=ORIENTED_EDGE('',*,*,#419,.F.);
#790=ORIENTED_EDGE('',*,*,#423,.T.);
#791=ORIENTED_EDGE('',*,*,#491,.T.);
#792=ORIENTED_EDGE('',*,*,#486,.F.);
#793=ORIENTED_EDGE('',*,*,#503,.T.);
#794=ORIENTED_EDGE('',*,*,#498,.F.);
#795=ORIENTED_EDGE('',*,*,#508,.T.);
#796=ORIENTED_EDGE('',*,*,#504,.F.);
#797=ORIENTED_EDGE('',*,*,#495,.T.);
#798=ORIENTED_EDGE('',*,*,#492,.F.);
#799=ORIENTED_EDGE('',*,*,#435,.T.);
#800=ORIENTED_EDGE('',*,*,#432,.T.);
#801=ORIENTED_EDGE('',*,*,#426,.F.);
#802=ORIENTED_EDGE('',*,*,#543,.T.);
#803=ORIENTED_EDGE('',*,*,#541,.T.);
#804=CYLINDRICAL_SURFACE('',#882,1.75);
#805=CYLINDRICAL_SURFACE('',#884,1.75);
#806=CYLINDRICAL_SURFACE('',#894,5.);
#807=CYLINDRICAL_SURFACE('',#896,5.);
#808=CYLINDRICAL_SURFACE('',#900,5.);
#809=CYLINDRICAL_SURFACE('',#902,5.);
#810=CYLINDRICAL_SURFACE('',#906,5.);
#811=CYLINDRICAL_SURFACE('',#908,5.);
#812=CYLINDRICAL_SURFACE('',#912,5.);
#813=CYLINDRICAL_SURFACE('',#914,5.);
#814=CYLINDRICAL_SURFACE('',#918,5.);
#815=CYLINDRICAL_SURFACE('',#922,5.);
#816=CYLINDRICAL_SURFACE('',#924,5.);
#817=CYLINDRICAL_SURFACE('',#926,5.);
#818=CYLINDRICAL_SURFACE('',#930,5.);
#819=CYLINDRICAL_SURFACE('',#936,5.);
#820=CYLINDRICAL_SURFACE('',#938,5.);
#821=CYLINDRICAL_SURFACE('',#944,5.);
#822=CYLINDRICAL_SURFACE('',#946,25.25);
#823=CYLINDRICAL_SURFACE('',#950,25.000001);
#824=CYLINDRICAL_SURFACE('',#952,27.5);
#825=ADVANCED_FACE('',(#75),#804,.F.);
#826=ADVANCED_FACE('',(#76),#53,.F.);
#827=ADVANCED_FACE('',(#77),#805,.F.);
#828=ADVANCED_FACE('',(#78,#15),#54,.F.);
#829=ADVANCED_FACE('',(#79),#55,.F.);
#830=ADVANCED_FACE('',(#80),#56,.F.);
#831=ADVANCED_FACE('',(#81),#806,.F.);
#832=ADVANCED_FACE('',(#82),#57,.F.);
#833=ADVANCED_FACE('',(#83),#807,.F.);
#834=ADVANCED_FACE('',(#84),#58,.F.);
#835=ADVANCED_FACE('',(#85),#808,.F.);
#836=ADVANCED_FACE('',(#86),#59,.F.);
#837=ADVANCED_FACE('',(#87),#809,.F.);
#838=ADVANCED_FACE('',(#88),#60,.F.);
#839=ADVANCED_FACE('',(#89),#810,.F.);
#840=ADVANCED_FACE('',(#90),#61,.F.);
#841=ADVANCED_FACE('',(#91),#811,.F.);
#842=ADVANCED_FACE('',(#92),#62,.F.);
#843=ADVANCED_FACE('',(#93),#812,.F.);
#844=ADVANCED_FACE('',(#94),#63,.F.);
#845=ADVANCED_FACE('',(#95),#813,.F.);
#846=ADVANCED_FACE('',(#96),#64,.F.);
#847=ADVANCED_FACE('',(#97),#814,.F.);
#848=ADVANCED_FACE('',(#98),#65,.F.);
#849=ADVANCED_FACE('',(#99),#815,.F.);
#850=ADVANCED_FACE('',(#100),#66,.F.);
#851=ADVANCED_FACE('',(#101),#816,.F.);
#852=ADVANCED_FACE('',(#102),#67,.F.);
#853=ADVANCED_FACE('',(#103),#817,.F.);
#854=ADVANCED_FACE('',(#104),#68,.F.);
#855=ADVANCED_FACE('',(#105),#818,.F.);
#856=ADVANCED_FACE('',(#106),#69,.F.);
#857=ADVANCED_FACE('',(#107),#819,.F.);
#858=ADVANCED_FACE('',(#108),#70,.F.);
#859=ADVANCED_FACE('',(#109),#820,.F.);
#860=ADVANCED_FACE('',(#110),#71,.F.);
#861=ADVANCED_FACE('',(#111),#821,.F.);
#862=ADVANCED_FACE('',(#112),#72,.F.);
#863=ADVANCED_FACE('',(#113,#16,#17),#822,.F.);
#864=ADVANCED_FACE('',(#114,#18),#73,.F.);
#865=ADVANCED_FACE('',(#115),#823,.F.);
#866=ADVANCED_FACE('',(#116,#19,#20,#21),#824,.T.);
#867=ADVANCED_FACE('',(#117,#22),#74,.T.);
#868=CLOSED_SHELL('',(#825,#826,#827,#828,#829,#830,#831,#832,#833,#834,
#835,#836,#837,#838,#839,#840,#841,#842,#843,#844,#845,#846,#847,#848,#849,
#850,#851,#852,#853,#854,#855,#856,#857,#858,#859,#860,#861,#862,#863,#864,
#865,#866,#867));
#869=DERIVED_UNIT_ELEMENT(#871,1.);
#870=DERIVED_UNIT_ELEMENT(#1754,-3.);
#871=(
MASS_UNIT()
NAMED_UNIT(*)
SI_UNIT(.KILO.,.GRAM.)
);
#872=DERIVED_UNIT((#869,#870));
#873=MEASURE_REPRESENTATION_ITEM('density measure',
POSITIVE_RATIO_MEASURE(7850.),#872);
#874=PROPERTY_DEFINITION_REPRESENTATION(#879,#876);
#875=PROPERTY_DEFINITION_REPRESENTATION(#880,#877);
#876=REPRESENTATION('material name',(#878),#1751);
#877=REPRESENTATION('density',(#873),#1751);
#878=DESCRIPTIVE_REPRESENTATION_ITEM('Steel','Steel');
#879=PROPERTY_DEFINITION('material property','material name',#1761);
#880=PROPERTY_DEFINITION('material property','density of part',#1761);
#881=AXIS2_PLACEMENT_3D('',#1166,#955,#956);
#882=AXIS2_PLACEMENT_3D('',#1167,#957,#958);
#883=AXIS2_PLACEMENT_3D('',#1194,#961,#962);
#884=AXIS2_PLACEMENT_3D('',#1200,#966,#967);
#885=AXIS2_PLACEMENT_3D('',#1227,#970,#971);
#886=AXIS2_PLACEMENT_3D('',#1228,#972,#973);
#887=AXIS2_PLACEMENT_3D('',#1230,#974,#975);
#888=AXIS2_PLACEMENT_3D('',#1231,#976,#977);
#889=AXIS2_PLACEMENT_3D('',#1233,#978,#979);
#890=AXIS2_PLACEMENT_3D('',#1234,#980,#981);
#891=AXIS2_PLACEMENT_3D('',#1240,#985,#986);
#892=AXIS2_PLACEMENT_3D('',#1242,#987,#988);
#893=AXIS2_PLACEMENT_3D('',#1245,#990,#991);
#894=AXIS2_PLACEMENT_3D('',#1246,#992,#993);
#895=AXIS2_PLACEMENT_3D('',#1273,#996,#997);
#896=AXIS2_PLACEMENT_3D('',#1279,#1001,#1002);
#897=AXIS2_PLACEMENT_3D('',#1303,#1004,#1005);
#898=AXIS2_PLACEMENT_3D('',#1305,#1006,#1007);
#899=AXIS2_PLACEMENT_3D('',#1308,#1009,#1010);
#900=AXIS2_PLACEMENT_3D('',#1309,#1011,#1012);
#901=AXIS2_PLACEMENT_3D('',#1333,#1014,#1015);
#902=AXIS2_PLACEMENT_3D('',#1339,#1019,#1020);
#903=AXIS2_PLACEMENT_3D('',#1363,#1022,#1023);
#904=AXIS2_PLACEMENT_3D('',#1364,#1024,#1025);
#905=AXIS2_PLACEMENT_3D('',#1365,#1026,#1027);
#906=AXIS2_PLACEMENT_3D('',#1366,#1028,#1029);
#907=AXIS2_PLACEMENT_3D('',#1393,#1032,#1033);
#908=AXIS2_PLACEMENT_3D('',#1399,#1037,#1038);
#909=AXIS2_PLACEMENT_3D('',#1423,#1040,#1041);
#910=AXIS2_PLACEMENT_3D('',#1425,#1042,#1043);
#911=AXIS2_PLACEMENT_3D('',#1428,#1045,#1046);
#912=AXIS2_PLACEMENT_3D('',#1429,#1047,#1048);
#913=AXIS2_PLACEMENT_3D('',#1453,#1050,#1051);
#914=AXIS2_PLACEMENT_3D('',#1459,#1055,#1056);
#915=AXIS2_PLACEMENT_3D('',#1483,#1058,#1059);
#916=AXIS2_PLACEMENT_3D('',#1484,#1060,#1061);
#917=AXIS2_PLACEMENT_3D('',#1485,#1062,#1063);
#918=AXIS2_PLACEMENT_3D('',#1486,#1064,#1065);
#919=AXIS2_PLACEMENT_3D('',#1513,#1068,#1069);
#920=AXIS2_PLACEMENT_3D('',#1514,#1070,#1071);
#921=AXIS2_PLACEMENT_3D('',#1515,#1072,#1073);
#922=AXIS2_PLACEMENT_3D('',#1516,#1074,#1075);
#923=AXIS2_PLACEMENT_3D('',#1540,#1077,#1078);
#924=AXIS2_PLACEMENT_3D('',#1546,#1082,#1083);
#925=AXIS2_PLACEMENT_3D('',#1573,#1086,#1087);
#926=AXIS2_PLACEMENT_3D('',#1576,#1090,#1091);
#927=AXIS2_PLACEMENT_3D('',#1600,#1093,#1094);
#928=AXIS2_PLACEMENT_3D('',#1601,#1095,#1096);
#929=AXIS2_PLACEMENT_3D('',#1602,#1097,#1098);
#930=AXIS2_PLACEMENT_3D('',#1603,#1099,#1100);
#931=AXIS2_PLACEMENT_3D('',#1630,#1103,#1104);
#932=AXIS2_PLACEMENT_3D('',#1632,#1105,#1106);
#933=AXIS2_PLACEMENT_3D('',#1634,#1107,#1108);
#934=AXIS2_PLACEMENT_3D('',#1638,#1110,#1111);
#935=AXIS2_PLACEMENT_3D('',#1639,#1112,#1113);
#936=AXIS2_PLACEMENT_3D('',#1640,#1114,#1115);
#937=AXIS2_PLACEMENT_3D('',#1664,#1117,#1118);
#938=AXIS2_PLACEMENT_3D('',#1670,#1122,#1123);
#939=AXIS2_PLACEMENT_3D('',#1694,#1125,#1126);
#940=AXIS2_PLACEMENT_3D('',#1696,#1127,#1128);
#941=AXIS2_PLACEMENT_3D('',#1698,#1129,#1130);
#942=AXIS2_PLACEMENT_3D('',#1702,#1132,#1133);
#943=AXIS2_PLACEMENT_3D('',#1703,#1134,#1135);
#944=AXIS2_PLACEMENT_3D('',#1704,#1136,#1137);
#945=AXIS2_PLACEMENT_3D('',#1728,#1139,#1140);
#946=AXIS2_PLACEMENT_3D('',#1731,#1143,#1144);
#947=AXIS2_PLACEMENT_3D('',#1733,#1145,#1146);
#948=AXIS2_PLACEMENT_3D('',#1736,#1149,#1150);
#949=AXIS2_PLACEMENT_3D('',#1738,#1151,#1152);
#950=AXIS2_PLACEMENT_3D('',#1739,#1153,#1154);
#951=AXIS2_PLACEMENT_3D('',#1741,#1155,#1156);
#952=AXIS2_PLACEMENT_3D('',#1743,#1158,#1159);
#953=AXIS2_PLACEMENT_3D('',#1745,#1160,#1161);
#954=AXIS2_PLACEMENT_3D('',#1748,#1164,#1165);
#955=DIRECTION('axis',(0.,0.,1.));
#956=DIRECTION('refdir',(1.,0.,0.));
#957=DIRECTION('center_axis',(0.,1.,0.));
#958=DIRECTION('ref_axis',(0.707106781186549,0.,-0.707106781186546));
#959=DIRECTION('',(0.,1.,0.));
#960=DIRECTION('',(0.,-1.,0.));
#961=DIRECTION('center_axis',(1.,0.,0.));
#962=DIRECTION('ref_axis',(0.,0.,1.));
#963=DIRECTION('',(0.,0.,-1.));
#964=DIRECTION('',(0.,-1.,0.));
#965=DIRECTION('',(0.,0.,1.));
#966=DIRECTION('center_axis',(0.,-1.,0.));
#967=DIRECTION('ref_axis',(-0.707106781186549,0.,-0.707106781186546));
#968=DIRECTION('',(0.,1.,0.));
#969=DIRECTION('',(0.,-1.,0.));
#970=DIRECTION('center_axis',(0.,0.,-1.));
#971=DIRECTION('ref_axis',(1.,0.,0.));
#972=DIRECTION('center_axis',(0.,0.,-1.));
#973=DIRECTION('ref_axis',(1.,0.,0.));
#974=DIRECTION('center_axis',(0.,0.,1.));
#975=DIRECTION('ref_axis',(1.,0.,0.));
#976=DIRECTION('center_axis',(0.,0.,1.));
#977=DIRECTION('ref_axis',(1.,0.,0.));
#978=DIRECTION('center_axis',(0.,0.,1.));
#979=DIRECTION('ref_axis',(1.,0.,0.));
#980=DIRECTION('center_axis',(-1.,0.,0.));
#981=DIRECTION('ref_axis',(0.,0.,-1.));
#982=DIRECTION('',(0.,0.,-1.));
#983=DIRECTION('',(0.,1.,0.));
#984=DIRECTION('',(0.,0.,1.));
#985=DIRECTION('center_axis',(0.,0.,-1.));
#986=DIRECTION('ref_axis',(1.,0.,0.));
#987=DIRECTION('center_axis',(0.,0.,-1.));
#988=DIRECTION('ref_axis',(1.,0.,0.));
#989=DIRECTION('',(0.,1.,0.));
#990=DIRECTION('center_axis',(0.,0.,1.));
#991=DIRECTION('ref_axis',(1.,0.,0.));
#992=DIRECTION('center_axis',(0.,-1.,0.));
#993=DIRECTION('ref_axis',(-0.707106781186547,0.,-0.707106781186547));
#994=DIRECTION('',(0.,-1.,0.));
#995=DIRECTION('',(0.,1.,0.));
#996=DIRECTION('center_axis',(-1.,0.,0.));
#997=DIRECTION('ref_axis',(0.,0.,-1.));
#998=DIRECTION('',(0.,0.,-1.));
#999=DIRECTION('',(0.,1.,0.));
#1000=DIRECTION('',(0.,0.,1.));
#1001=DIRECTION('center_axis',(0.,-1.,0.));
#1002=DIRECTION('ref_axis',(-0.707106781186547,0.,0.707106781186547));
#1003=DIRECTION('',(0.,-1.,0.));
#1004=DIRECTION('center_axis',(0.,0.,1.));
#1005=DIRECTION('ref_axis',(-1.,0.,0.));
#1006=DIRECTION('center_axis',(0.,0.,-1.));
#1007=DIRECTION('ref_axis',(1.,0.,0.));
#1008=DIRECTION('',(0.,1.,0.));
#1009=DIRECTION('center_axis',(0.,0.,1.));
#1010=DIRECTION('ref_axis',(1.,0.,0.));
#1011=DIRECTION('center_axis',(0.,-1.,0.));
#1012=DIRECTION('ref_axis',(0.707106781186547,0.,0.707106781186547));
#1013=DIRECTION('',(0.,-1.,0.));
#1014=DIRECTION('center_axis',(1.,0.,0.));
#1015=DIRECTION('ref_axis',(0.,0.,1.));
#1016=DIRECTION('',(0.,0.,1.));
#1017=DIRECTION('',(0.,1.,0.));
#1018=DIRECTION('',(0.,0.,-1.));
#1019=DIRECTION('center_axis',(0.,-1.,0.));
#1020=DIRECTION('ref_axis',(0.707106781186547,0.,-0.707106781186547));
#1021=DIRECTION('',(0.,-1.,0.));
#1022=DIRECTION('center_axis',(0.,0.,-1.));
#1023=DIRECTION('ref_axis',(1.,0.,0.));
#1024=DIRECTION('center_axis',(0.,0.,-1.));
#1025=DIRECTION('ref_axis',(1.,0.,0.));
#1026=DIRECTION('center_axis',(0.,0.,1.));
#1027=DIRECTION('ref_axis',(1.,0.,0.));
#1028=DIRECTION('center_axis',(1.,-6.12323399573677E-17,0.));
#1029=DIRECTION('ref_axis',(0.,-0.707106781186547,-0.707106781186547));
#1030=DIRECTION('',(1.,-6.12323399573677E-17,0.));
#1031=DIRECTION('',(-1.,6.12323399573677E-17,0.));
#1032=DIRECTION('center_axis',(-6.12323399573677E-17,-1.,0.));
#1033=DIRECTION('ref_axis',(0.,0.,-1.));
#1034=DIRECTION('',(0.,0.,-1.));
#1035=DIRECTION('',(-1.,6.12323399573677E-17,0.));
#1036=DIRECTION('',(0.,0.,1.));
#1037=DIRECTION('center_axis',(1.,-6.12323399573677E-17,0.));
#1038=DIRECTION('ref_axis',(0.,-0.707106781186547,0.707106781186547));
#1039=DIRECTION('',(1.,-6.12323399573677E-17,0.));
#1040=DIRECTION('center_axis',(0.,0.,1.));
#1041=DIRECTION('ref_axis',(-6.12323399573677E-17,-1.,0.));
#1042=DIRECTION('center_axis',(0.,0.,-1.));
#1043=DIRECTION('ref_axis',(1.,0.,0.));
#1044=DIRECTION('',(-1.,6.12323399573677E-17,0.));
#1045=DIRECTION('center_axis',(0.,0.,1.));
#1046=DIRECTION('ref_axis',(1.,0.,0.));
#1047=DIRECTION('center_axis',(1.,-6.12323399573677E-17,0.));
#1048=DIRECTION('ref_axis',(0.,0.707106781186547,0.707106781186547));
#1049=DIRECTION('',(1.,-6.12323399573677E-17,0.));
#1050=DIRECTION('center_axis',(6.12323399573677E-17,1.,0.));
#1051=DIRECTION('ref_axis',(0.,0.,1.));
#1052=DIRECTION('',(0.,0.,1.));
#1053=DIRECTION('',(-1.,6.12323399573677E-17,0.));
#1054=DIRECTION('',(0.,0.,-1.));
#1055=DIRECTION('center_axis',(1.,-6.12323399573677E-17,0.));
#1056=DIRECTION('ref_axis',(0.,0.707106781186547,-0.707106781186547));
#1057=DIRECTION('',(1.,-6.12323399573677E-17,0.));
#1058=DIRECTION('center_axis',(0.,0.,-1.));
#1059=DIRECTION('ref_axis',(6.12323399573677E-17,1.,0.));
#1060=DIRECTION('center_axis',(0.,0.,-1.));
#1061=DIRECTION('ref_axis',(1.,0.,0.));
#1062=DIRECTION('center_axis',(0.,0.,1.));
#1063=DIRECTION('ref_axis',(1.,0.,0.));
#1064=DIRECTION('center_axis',(0.,-1.,0.));
#1065=DIRECTION('ref_axis',(0.707106781186547,0.,-0.707106781186547));
#1066=DIRECTION('',(0.,-1.,0.));
#1067=DIRECTION('',(0.,1.,0.));
#1068=DIRECTION('center_axis',(0.,0.,-1.));
#1069=DIRECTION('ref_axis',(1.,0.,0.));
#1070=DIRECTION('center_axis',(0.,0.,1.));
#1071=DIRECTION('ref_axis',(1.,0.,0.));
#1072=DIRECTION('center_axis',(0.,0.,-1.));
#1073=DIRECTION('ref_axis',(1.,0.,0.));
#1074=DIRECTION('center_axis',(0.,-1.,0.));
#1075=DIRECTION('ref_axis',(-0.707106781186547,0.,-0.707106781186547));
#1076=DIRECTION('',(0.,-1.,0.));
#1077=DIRECTION('center_axis',(-1.,0.,0.));
#1078=DIRECTION('ref_axis',(0.,0.,-1.));
#1079=DIRECTION('',(0.,0.,-1.));
#1080=DIRECTION('',(0.,1.,0.));
#1081=DIRECTION('',(0.,0.,1.));
#1082=DIRECTION('center_axis',(0.,-1.,0.));
#1083=DIRECTION('ref_axis',(0.707106781186547,0.,0.707106781186547));
#1084=DIRECTION('',(0.,-1.,0.));
#1085=DIRECTION('',(0.,1.,0.));
#1086=DIRECTION('center_axis',(1.,0.,0.));
#1087=DIRECTION('ref_axis',(0.,0.,1.));
#1088=DIRECTION('',(0.,0.,-1.));
#1089=DIRECTION('',(0.,0.,1.));
#1090=DIRECTION('center_axis',(0.,-1.,0.));
#1091=DIRECTION('ref_axis',(-0.707106781186547,0.,0.707106781186547));
#1092=DIRECTION('',(0.,-1.,0.));
#1093=DIRECTION('center_axis',(0.,0.,1.));
#1094=DIRECTION('ref_axis',(-1.,0.,0.));
#1095=DIRECTION('center_axis',(0.,0.,-1.));
#1096=DIRECTION('ref_axis',(1.,0.,0.));
#1097=DIRECTION('center_axis',(0.,0.,1.));
#1098=DIRECTION('ref_axis',(1.,0.,0.));
#1099=DIRECTION('center_axis',(1.,-6.12323399573677E-17,0.));
#1100=DIRECTION('ref_axis',(0.,0.707106781186547,-0.707106781186547));
#1101=DIRECTION('',(1.,-6.12323399573677E-17,0.));
#1102=DIRECTION('',(-1.,6.12323399573677E-17,0.));
#1103=DIRECTION('center_axis',(0.,0.,-1.));
#1104=DIRECTION('ref_axis',(6.12323399573677E-17,1.,0.));
#1105=DIRECTION('center_axis',(0.,0.,-1.));
#1106=DIRECTION('ref_axis',(1.,0.,0.));
#1107=DIRECTION('center_axis',(0.,0.,-1.));
#1108=DIRECTION('ref_axis',(1.,0.,0.));
#1109=DIRECTION('',(-1.,6.12323399573677E-17,0.));
#1110=DIRECTION('center_axis',(0.,0.,1.));
#1111=DIRECTION('ref_axis',(1.,0.,0.));
#1112=DIRECTION('center_axis',(0.,0.,1.));
#1113=DIRECTION('ref_axis',(1.,0.,0.));
#1114=DIRECTION('center_axis',(1.,-6.12323399573677E-17,0.));
#1115=DIRECTION('ref_axis',(0.,-0.707106781186547,-0.707106781186547));
#1116=DIRECTION('',(1.,-6.12323399573677E-17,0.));
#1117=DIRECTION('center_axis',(-6.12323399573677E-17,-1.,0.));
#1118=DIRECTION('ref_axis',(0.,0.,-1.));
#1119=DIRECTION('',(0.,0.,-1.));
#1120=DIRECTION('',(-1.,6.12323399573677E-17,0.));
#1121=DIRECTION('',(0.,0.,1.));
#1122=DIRECTION('center_axis',(1.,-6.12323399573677E-17,0.));
#1123=DIRECTION('ref_axis',(0.,-0.707106781186547,0.707106781186547));
#1124=DIRECTION('',(1.,-6.12323399573677E-17,0.));
#1125=DIRECTION('center_axis',(0.,0.,1.));
#1126=DIRECTION('ref_axis',(-6.12323399573677E-17,-1.,0.));
#1127=DIRECTION('center_axis',(0.,0.,1.));
#1128=DIRECTION('ref_axis',(1.,0.,0.));
#1129=DIRECTION('center_axis',(0.,0.,1.));
#1130=DIRECTION('ref_axis',(1.,0.,0.));
#1131=DIRECTION('',(-1.,6.12323399573677E-17,0.));
#1132=DIRECTION('center_axis',(0.,0.,-1.));
#1133=DIRECTION('ref_axis',(1.,0.,0.));
#1134=DIRECTION('center_axis',(0.,0.,-1.));
#1135=DIRECTION('ref_axis',(1.,0.,0.));
#1136=DIRECTION('center_axis',(1.,-6.12323399573677E-17,0.));
#1137=DIRECTION('ref_axis',(0.,0.707106781186547,0.707106781186547));
#1138=DIRECTION('',(1.,-6.12323399573677E-17,0.));
#1139=DIRECTION('center_axis',(6.12323399573677E-17,1.,0.));
#1140=DIRECTION('ref_axis',(0.,0.,1.));
#1141=DIRECTION('',(0.,0.,-1.));
#1142=DIRECTION('',(0.,0.,1.));
#1143=DIRECTION('center_axis',(0.,0.,1.));
#1144=DIRECTION('ref_axis',(1.,0.,0.));
#1145=DIRECTION('center_axis',(0.,0.,-1.));
#1146=DIRECTION('ref_axis',(1.,0.,0.));
#1147=DIRECTION('',(0.,0.,-1.));
#1148=DIRECTION('',(0.,0.,-1.));
#1149=DIRECTION('center_axis',(0.,0.,-1.));
#1150=DIRECTION('ref_axis',(1.,0.,0.));
#1151=DIRECTION('center_axis',(0.,0.,1.));
#1152=DIRECTION('ref_axis',(1.,0.,0.));
#1153=DIRECTION('center_axis',(0.,0.,-1.));
#1154=DIRECTION('ref_axis',(1.,0.,0.));
#1155=DIRECTION('center_axis',(0.,0.,1.));
#1156=DIRECTION('ref_axis',(1.,0.,0.));
#1157=DIRECTION('',(0.,0.,1.));
#1158=DIRECTION('center_axis',(0.,0.,-1.));
#1159=DIRECTION('ref_axis',(1.,0.,0.));
#1160=DIRECTION('center_axis',(0.,0.,-1.));
#1161=DIRECTION('ref_axis',(1.,0.,0.));
#1162=DIRECTION('',(0.,0.,1.));
#1163=DIRECTION('',(0.,0.,1.));
#1164=DIRECTION('center_axis',(0.,0.,-1.));
#1165=DIRECTION('ref_axis',(1.,0.,0.));
#1166=CARTESIAN_POINT('',(0.,0.,0.));
#1167=CARTESIAN_POINT('Origin',(150.750002272427,-36.875208,1.75));
#1168=CARTESIAN_POINT('',(150.750002272427,-48.7138949413922,0.));
#1169=CARTESIAN_POINT('',(152.500002272427,-49.0057737967954,1.75));
#1170=CARTESIAN_POINT('Ctrl Pts',(150.750002272427,-48.7138949413922,0.));
#1171=CARTESIAN_POINT('Ctrl Pts',(150.970700995172,-48.7427770671145,2.02633526619802E-15));
#1172=CARTESIAN_POINT('Ctrl Pts',(151.205716483469,-48.7768037587632,0.0442549661502613));
#1173=CARTESIAN_POINT('Ctrl Pts',(151.637806150059,-48.8452087289887,0.223878832193459));
#1174=CARTESIAN_POINT('Ctrl Pts',(151.834909481876,-48.8794263765598,0.359238737398277));
#1175=CARTESIAN_POINT('Ctrl Pts',(152.14437916315,-48.9356962422948,0.670304227267552));
#1176=CARTESIAN_POINT('Ctrl Pts',(152.278222464445,-48.961590393087,0.866167639934598));
#1177=CARTESIAN_POINT('Ctrl Pts',(152.456048512786,-48.9967200637263,1.2961026996325));
#1178=CARTESIAN_POINT('Ctrl Pts',(152.500002272427,-49.0057737967954,1.53020116972259));
#1179=CARTESIAN_POINT('Ctrl Pts',(152.500002272427,-49.0057737967954,1.75));
#1180=CARTESIAN_POINT('',(152.500002272427,-46.7136850998964,1.75));
#1181=CARTESIAN_POINT('',(152.500002272427,-36.875208,1.75));
#1182=CARTESIAN_POINT('',(150.750002272427,-46.4462975062982,0.));
#1183=CARTESIAN_POINT('Ctrl Pts',(152.500002272427,-46.7136850998964,1.75));
#1184=CARTESIAN_POINT('Ctrl Pts',(152.500002272427,-46.7136850998964,1.5302127778589));
#1185=CARTESIAN_POINT('Ctrl Pts',(152.456055210527,-46.7054006190174,1.29606945657057));
#1186=CARTESIAN_POINT('Ctrl Pts',(152.278107129422,-46.6732218238434,0.865938257791218));
#1187=CARTESIAN_POINT('Ctrl Pts',(152.144130450622,-46.6494917619541,0.669928038848918));
#1188=CARTESIAN_POINT('Ctrl Pts',(151.834456848337,-46.5979312720354,0.358911722137948));
#1189=CARTESIAN_POINT('Ctrl Pts',(151.637403044476,-46.5665975345506,0.223659605141923));
#1190=CARTESIAN_POINT('Ctrl Pts',(151.205459960717,-46.5039391061738,0.0442000582548634));
#1191=CARTESIAN_POINT('Ctrl Pts',(150.970546163939,-46.4727624021528,0.));
#1192=CARTESIAN_POINT('Ctrl Pts',(150.750002272427,-46.4462975062982,0.));
#1193=CARTESIAN_POINT('',(150.750002272427,-36.875208,0.));
#1194=CARTESIAN_POINT('Origin',(152.500002272427,0.,0.));
#1195=CARTESIAN_POINT('',(152.500002272427,-49.0057737967954,3.00000004470348));
#1196=CARTESIAN_POINT('',(152.500002272427,-49.0057737967954,0.));
#1197=CARTESIAN_POINT('',(152.500002272427,-46.7136850998964,3.00000004470348));
#1198=CARTESIAN_POINT('',(152.500002272427,0.,3.00000004470348));
#1199=CARTESIAN_POINT('',(152.500002272427,-46.7136850998964,0.));
#1200=CARTESIAN_POINT('Origin',(145.750002145767,-36.875208,1.75));
#1201=CARTESIAN_POINT('',(144.000002145767,-48.740479224471,1.75));
#1202=CARTESIAN_POINT('',(145.750002145767,-48.5593090571567,0.));
#1203=CARTESIAN_POINT('Ctrl Pts',(144.000002145767,-48.740479224471,1.75));
#1204=CARTESIAN_POINT('Ctrl Pts',(144.000002145767,-48.740479224471,1.52990197420058));
#1205=CARTESIAN_POINT('Ctrl Pts',(144.044065144937,-48.7342365226621,1.29532298958614));
#1206=CARTESIAN_POINT('Ctrl Pts',(144.222807182124,-48.7103825627156,0.86420780140507));
#1207=CARTESIAN_POINT('Ctrl Pts',(144.35747215914,-48.6929435970163,0.667656252474349));
#1208=CARTESIAN_POINT('Ctrl Pts',(144.667932768719,-48.6562839141768,0.357195642895623));
#1209=CARTESIAN_POINT('Ctrl Pts',(144.864594347509,-48.6346301424755,0.222591642808775));
#1210=CARTESIAN_POINT('Ctrl Pts',(145.295633000086,-48.593587308253,0.0439894637462954));
#1211=CARTESIAN_POINT('Ctrl Pts',(145.530029015731,-48.5743594119114,1.38777878078145E-16));
#1212=CARTESIAN_POINT('Ctrl Pts',(145.750002145767,-48.5593090571567,1.38777878078145E-16));
#1213=CARTESIAN_POINT('',(145.750002145767,-46.3044806177659,0.));
#1214=CARTESIAN_POINT('',(145.750002145767,-36.875208,0.));
#1215=CARTESIAN_POINT('',(144.000002145767,-46.4706719118316,1.75));
#1216=CARTESIAN_POINT('Ctrl Pts',(145.750002145767,-46.3044806177659,2.77555756156289E-16));
#1217=CARTESIAN_POINT('Ctrl Pts',(145.529838142854,-46.3183064928972,1.7102947005898E-15));
#1218=CARTESIAN_POINT('Ctrl Pts',(145.295216836358,-46.3359721715736,0.0440681964210709));
#1219=CARTESIAN_POINT('Ctrl Pts',(144.863810276741,-46.3736718378334,0.223010491991389));
#1220=CARTESIAN_POINT('Ctrl Pts',(144.667008985975,-46.3935568836124,0.357877274188602));
#1221=CARTESIAN_POINT('Ctrl Pts',(144.356744097934,-46.4271702623461,0.668627107789938));
#1222=CARTESIAN_POINT('Ctrl Pts',(144.222327375082,-46.4431349357056,0.865095433415266));
#1223=CARTESIAN_POINT('Ctrl Pts',(144.043950480553,-46.4649639528064,1.29587008690522));
#1224=CARTESIAN_POINT('Ctrl Pts',(144.000002145767,-46.4706719118316,1.53018922648566));
#1225=CARTESIAN_POINT('Ctrl Pts',(144.000002145767,-46.4706719118316,1.75));
#1226=CARTESIAN_POINT('',(144.000002145767,-36.875208,1.75));
#1227=CARTESIAN_POINT('Origin',(147.473554,-73.750416,0.));
#1228=CARTESIAN_POINT('Origin',(147.473554,-73.750416,0.));
#1229=CARTESIAN_POINT('',(122.223554,-73.750416,-1.62196645003831E-15));
#1230=CARTESIAN_POINT('Origin',(147.473554,-73.750416,0.));
#1231=CARTESIAN_POINT('Origin',(147.473554,-73.750416,0.));
#1232=CARTESIAN_POINT('',(122.473553,-73.750416,0.));
#1233=CARTESIAN_POINT('Origin',(147.473554,-73.750416,0.));
#1234=CARTESIAN_POINT('Origin',(144.000002145767,0.,3.00000004470348));
#1235=CARTESIAN_POINT('',(144.000002145767,-46.4706719118316,3.00000004470348));
#1236=CARTESIAN_POINT('',(144.000002145767,-46.4706719118316,0.));
#1237=CARTESIAN_POINT('',(144.000002145767,-48.740479224471,3.00000004470348));
#1238=CARTESIAN_POINT('',(144.000002145767,0.,3.00000004470348));
#1239=CARTESIAN_POINT('',(144.000002145767,-48.740479224471,0.));
#1240=CARTESIAN_POINT('Origin',(132.000001966953,0.,3.00000004470348));
#1241=CARTESIAN_POINT('',(137.000001966953,-48.3229759438114,3.00000004470348));
#1242=CARTESIAN_POINT('Origin',(147.473554,-73.750416,3.00000004470348));
#1243=CARTESIAN_POINT('',(137.000001966953,-50.7750551146719,3.00000004470348));
#1244=CARTESIAN_POINT('',(137.000001966953,0.,3.00000004470348));
#1245=CARTESIAN_POINT('Origin',(147.473554,-73.750416,3.00000004470348));
#1246=CARTESIAN_POINT('Origin',(137.000001966953,0.,8.00000004470348));
#1247=CARTESIAN_POINT('',(137.000001966953,-96.7257768853281,3.00000004470348));
#1248=CARTESIAN_POINT('',(132.000001966953,-93.7036535187736,8.00000004470348));
#1249=CARTESIAN_POINT('Ctrl Pts',(137.000001966953,-96.7257768853281,3.00000004470348));
#1250=CARTESIAN_POINT('Ctrl Pts',(136.339095986414,-96.4244961694045,3.00000004470348));
#1251=CARTESIAN_POINT('Ctrl Pts',(135.647616026021,-96.0716027078049,3.13758880278253));
#1252=CARTESIAN_POINT('Ctrl Pts',(134.386273784318,-95.3562319151192,3.68254534213243));
#1253=CARTESIAN_POINT('Ctrl Pts',(133.815579646344,-94.994706067778,4.0892358101571));
#1254=CARTESIAN_POINT('Ctrl Pts',(132.969007412777,-94.4242288174542,4.98653390369087));
#1255=CARTESIAN_POINT('Ctrl Pts',(132.612297596515,-94.1660249690085,5.5179320806666));
#1256=CARTESIAN_POINT('Ctrl Pts',(132.127395131889,-93.8040800984611,6.7075963401127));
#1257=CARTESIAN_POINT('Ctrl Pts',(132.000001966953,-93.7036535187736,7.36719386340247));
#1258=CARTESIAN_POINT('Ctrl Pts',(132.000001966953,-93.7036535187736,8.00000004470348));
#1259=CARTESIAN_POINT('',(132.000001966953,-96.4840735913467,8.00000004470348));
#1260=CARTESIAN_POINT('',(132.000001966953,0.,8.00000004470348));
#1261=CARTESIAN_POINT('',(137.000001966953,-99.1778560561886,3.00000004470348));
#1262=CARTESIAN_POINT('Ctrl Pts',(132.000001966953,-96.4840735913467,8.00000004470348));
#1263=CARTESIAN_POINT('Ctrl Pts',(132.000001966953,-96.4840735913467,7.36879344793763));
#1264=CARTESIAN_POINT('Ctrl Pts',(132.126884170692,-96.5717986860883,6.70721791218449));
#1265=CARTESIAN_POINT('Ctrl Pts',(132.616419612707,-96.8934783866553,5.50946322111981));
#1266=CARTESIAN_POINT('Ctrl Pts',(132.978366812737,-97.1247505433603,4.97227689540878));
#1267=CARTESIAN_POINT('Ctrl Pts',(133.832597156411,-97.6345264294215,4.07627050609788));
#1268=CARTESIAN_POINT('Ctrl Pts',(134.402301916095,-97.9555489059199,3.67346109423545));
#1269=CARTESIAN_POINT('Ctrl Pts',(135.658522360327,-98.5929423902139,3.13508298287045));
#1270=CARTESIAN_POINT('Ctrl Pts',(136.345728995092,-98.9083612899256,3.00000004470348));
#1271=CARTESIAN_POINT('Ctrl Pts',(137.000001966953,-99.1778560561886,3.00000004470348));
#1272=CARTESIAN_POINT('',(137.000001966953,0.,3.00000004470348));
#1273=CARTESIAN_POINT('Origin',(132.000001966953,0.,23.4390868583422));
#1274=CARTESIAN_POINT('',(132.000001966953,-93.7036535187736,18.4390868583422));
#1275=CARTESIAN_POINT('',(132.000001966953,-93.7036535187736,0.));
#1276=CARTESIAN_POINT('',(132.000001966953,-96.4840735913467,18.4390868583422));
#1277=CARTESIAN_POINT('',(132.000001966953,0.,18.4390868583422));
#1278=CARTESIAN_POINT('',(132.000001966953,-96.4840735913467,0.));
#1279=CARTESIAN_POINT('Origin',(137.000001966953,0.,18.4390868583422));
#1280=CARTESIAN_POINT('',(137.000001966953,-96.7257768853281,23.4390868583422));
#1281=CARTESIAN_POINT('Ctrl Pts',(132.000001966953,-93.7036535187736,18.4390868583422));
#1282=CARTESIAN_POINT('Ctrl Pts',(132.000001966953,-93.7036535187736,19.0718930396432));
#1283=CARTESIAN_POINT('Ctrl Pts',(132.127395131889,-93.8040800984611,19.7314905629329));
#1284=CARTESIAN_POINT('Ctrl Pts',(132.612297596515,-94.1660249690084,20.921154822379));
#1285=CARTESIAN_POINT('Ctrl Pts',(132.969007412777,-94.4242288174542,21.4525529993548));
#1286=CARTESIAN_POINT('Ctrl Pts',(133.815579646344,-94.994706067778,22.3498510928885));
#1287=CARTESIAN_POINT('Ctrl Pts',(134.386273784318,-95.3562319151192,22.7565415609132));
#1288=CARTESIAN_POINT('Ctrl Pts',(135.647616026021,-96.0716027078049,23.3014981002631));
#1289=CARTESIAN_POINT('Ctrl Pts',(136.339095986414,-96.4244961694045,23.4390868583422));
#1290=CARTESIAN_POINT('Ctrl Pts',(137.000001966953,-96.7257768853281,23.4390868583422));
#1291=CARTESIAN_POINT('',(137.000001966953,-99.1778560561886,23.4390868583422));
#1292=CARTESIAN_POINT('',(137.000001966953,0.,23.4390868583422));
#1293=CARTESIAN_POINT('Ctrl Pts',(137.000001966953,-99.1778560561886,23.4390868583422));
#1294=CARTESIAN_POINT('Ctrl Pts',(136.345728995092,-98.9083612899256,23.4390868583422));
#1295=CARTESIAN_POINT('Ctrl Pts',(135.658522360327,-98.5929423902139,23.3040039201752));
#1296=CARTESIAN_POINT('Ctrl Pts',(134.402301916095,-97.9555489059199,22.7656258088102));
#1297=CARTESIAN_POINT('Ctrl Pts',(133.832597156411,-97.6345264294215,22.3628163969478));
#1298=CARTESIAN_POINT('Ctrl Pts',(132.978366812737,-97.1247505433603,21.4668100076369));
#1299=CARTESIAN_POINT('Ctrl Pts',(132.616419612707,-96.8934783866553,20.9296236819258));
#1300=CARTESIAN_POINT('Ctrl Pts',(132.126884170692,-96.5717986860883,19.7318689908611));
#1301=CARTESIAN_POINT('Ctrl Pts',(132.000001966953,-96.4840735913467,19.070293455108));
#1302=CARTESIAN_POINT('Ctrl Pts',(132.000001966953,-96.4840735913467,18.4390868583422));
#1303=CARTESIAN_POINT('Origin',(162.947106033047,0.,23.4390868583422));
#1304=CARTESIAN_POINT('',(157.947106033047,-96.7257768853281,23.4390868583422));
#1305=CARTESIAN_POINT('Origin',(147.473554,-73.750416,23.4390868583422));
#1306=CARTESIAN_POINT('',(157.947106033047,-99.1778560561886,23.4390868583422));
#1307=CARTESIAN_POINT('',(157.947106033047,0.,23.4390868583422));
#1308=CARTESIAN_POINT('Origin',(147.473554,-73.750416,23.4390868583422));
#1309=CARTESIAN_POINT('Origin',(157.947106033047,0.,18.4390868583422));
#1310=CARTESIAN_POINT('',(162.947106033047,-93.7036535187736,18.4390868583422));
#1311=CARTESIAN_POINT('Ctrl Pts',(157.947106033047,-96.7257768853281,23.4390868583422));
#1312=CARTESIAN_POINT('Ctrl Pts',(158.608012013586,-96.4244961694045,23.4390868583422));
#1313=CARTESIAN_POINT('Ctrl Pts',(159.299491973979,-96.0716027078049,23.3014981002631));
#1314=CARTESIAN_POINT('Ctrl Pts',(160.560834215682,-95.3562319151192,22.7565415609132));
#1315=CARTESIAN_POINT('Ctrl Pts',(161.131528353656,-94.994706067778,22.3498510928885));
#1316=CARTESIAN_POINT('Ctrl Pts',(161.978100587223,-94.4242288174542,21.4525529993548));
#1317=CARTESIAN_POINT('Ctrl Pts',(162.334810403485,-94.1660249690085,20.921154822379));
#1318=CARTESIAN_POINT('Ctrl Pts',(162.819712868111,-93.8040800984611,19.7314905629329));
#1319=CARTESIAN_POINT('Ctrl Pts',(162.947106033047,-93.7036535187736,19.0718930396432));
#1320=CARTESIAN_POINT('Ctrl Pts',(162.947106033047,-93.7036535187736,18.4390868583422));
#1321=CARTESIAN_POINT('',(162.947106033047,-96.4840735913467,18.4390868583422));
#1322=CARTESIAN_POINT('',(162.947106033047,0.,18.4390868583422));
#1323=CARTESIAN_POINT('Ctrl Pts',(162.947106033047,-96.4840735913467,18.4390868583422));
#1324=CARTESIAN_POINT('Ctrl Pts',(162.947106033047,-96.4840735913467,19.070293455108));
#1325=CARTESIAN_POINT('Ctrl Pts',(162.820223829308,-96.5717986860884,19.7318689908611));
#1326=CARTESIAN_POINT('Ctrl Pts',(162.330688387293,-96.8934783866553,20.9296236819258));
#1327=CARTESIAN_POINT('Ctrl Pts',(161.968741187263,-97.1247505433603,21.4668100076369));
#1328=CARTESIAN_POINT('Ctrl Pts',(161.114510843589,-97.6345264294215,22.3628163969478));
#1329=CARTESIAN_POINT('Ctrl Pts',(160.544806083905,-97.9555489059199,22.7656258088102));
#1330=CARTESIAN_POINT('Ctrl Pts',(159.288585639673,-98.5929423902139,23.3040039201752));
#1331=CARTESIAN_POINT('Ctrl Pts',(158.601379004908,-98.9083612899256,23.4390868583422));
#1332=CARTESIAN_POINT('Ctrl Pts',(157.947106033047,-99.1778560561886,23.4390868583422));
#1333=CARTESIAN_POINT('Origin',(162.947106033047,0.,3.00000004470348));
#1334=CARTESIAN_POINT('',(162.947106033047,-93.7036535187736,8.00000004470348));
#1335=CARTESIAN_POINT('',(162.947106033047,-93.7036535187736,0.));
#1336=CARTESIAN_POINT('',(162.947106033047,-96.4840735913467,8.00000004470348));
#1337=CARTESIAN_POINT('',(162.947106033047,0.,8.00000004470348));
#1338=CARTESIAN_POINT('',(162.947106033047,-96.4840735913467,0.));
#1339=CARTESIAN_POINT('Origin',(157.947106033047,0.,8.00000004470348));
#1340=CARTESIAN_POINT('',(157.947106033047,-96.7257768853281,3.00000004470348));
#1341=CARTESIAN_POINT('Ctrl Pts',(162.947106033047,-93.7036535187736,8.00000004470348));
#1342=CARTESIAN_POINT('Ctrl Pts',(162.947106033047,-93.7036535187736,7.36719386340247));
#1343=CARTESIAN_POINT('Ctrl Pts',(162.819712868111,-93.8040800984611,6.70759634011269));
#1344=CARTESIAN_POINT('Ctrl Pts',(162.334810403485,-94.1660249690085,5.5179320806666));
#1345=CARTESIAN_POINT('Ctrl Pts',(161.978100587223,-94.4242288174542,4.98653390369087));
#1346=CARTESIAN_POINT('Ctrl Pts',(161.131528353656,-94.994706067778,4.08923581015709));
#1347=CARTESIAN_POINT('Ctrl Pts',(160.560834215682,-95.3562319151192,3.68254534213243));
#1348=CARTESIAN_POINT('Ctrl Pts',(159.299491973979,-96.0716027078049,3.13758880278253));
#1349=CARTESIAN_POINT('Ctrl Pts',(158.608012013586,-96.4244961694045,3.00000004470348));
#1350=CARTESIAN_POINT('Ctrl Pts',(157.947106033047,-96.7257768853281,3.00000004470348));
#1351=CARTESIAN_POINT('',(157.947106033047,-99.1778560561886,3.00000004470348));
#1352=CARTESIAN_POINT('',(157.947106033047,0.,3.00000004470348));
#1353=CARTESIAN_POINT('Ctrl Pts',(157.947106033047,-99.1778560561886,3.00000004470348));
#1354=CARTESIAN_POINT('Ctrl Pts',(158.601379004908,-98.9083612899256,3.00000004470348));
#1355=CARTESIAN_POINT('Ctrl Pts',(159.288585639673,-98.5929423902139,3.13508298287043));
#1356=CARTESIAN_POINT('Ctrl Pts',(160.544806083905,-97.9555489059199,3.67346109423541));
#1357=CARTESIAN_POINT('Ctrl Pts',(161.114510843589,-97.6345264294215,4.07627050609788));
#1358=CARTESIAN_POINT('Ctrl Pts',(161.968741187263,-97.1247505433603,4.97227689540878));
#1359=CARTESIAN_POINT('Ctrl Pts',(162.330688387293,-96.8934783866553,5.50946322111981));
#1360=CARTESIAN_POINT('Ctrl Pts',(162.820223829308,-96.5717986860884,6.70721791218449));
#1361=CARTESIAN_POINT('Ctrl Pts',(162.947106033047,-96.4840735913467,7.36879344793763));
#1362=CARTESIAN_POINT('Ctrl Pts',(162.947106033047,-96.4840735913467,8.00000004470348));
#1363=CARTESIAN_POINT('Origin',(132.000001966953,0.,3.00000004470348));
#1364=CARTESIAN_POINT('Origin',(147.473554,-73.750416,3.00000004470348));
#1365=CARTESIAN_POINT('Origin',(147.473554,-73.750416,3.00000004470348));
#1366=CARTESIAN_POINT('Origin',(73.723138,-84.2239680330468,8.00000004470348));
#1367=CARTESIAN_POINT('',(170.448914885328,-84.2239680330468,3.00000004470348));
#1368=CARTESIAN_POINT('',(167.426791518774,-89.2239680330468,8.00000004470348));
#1369=CARTESIAN_POINT('Ctrl Pts',(170.448914885328,-84.2239680330468,3.00000004470348));
#1370=CARTESIAN_POINT('Ctrl Pts',(170.147634169404,-84.8848740135865,3.00000004470348));
#1371=CARTESIAN_POINT('Ctrl Pts',(169.794740707805,-85.5763539739785,3.13758880278252));
#1372=CARTESIAN_POINT('Ctrl Pts',(169.079369915119,-86.8376962156817,3.68254534213241));
#1373=CARTESIAN_POINT('Ctrl Pts',(168.717844067778,-87.4083903536561,4.0892358101571));
#1374=CARTESIAN_POINT('Ctrl Pts',(168.147366817454,-88.254962587223,4.98653390369087));
#1375=CARTESIAN_POINT('Ctrl Pts',(167.889162969008,-88.6116724034847,5.51793208066659));
#1376=CARTESIAN_POINT('Ctrl Pts',(167.527218098461,-89.096574868111,6.7075963401127));
#1377=CARTESIAN_POINT('Ctrl Pts',(167.426791518774,-89.2239680330468,7.36719386340246));
#1378=CARTESIAN_POINT('Ctrl Pts',(167.426791518774,-89.2239680330468,8.00000004470348));
#1379=CARTESIAN_POINT('',(170.207211591347,-89.2239680330468,8.00000004470348));
#1380=CARTESIAN_POINT('',(73.723138,-89.2239680330468,8.00000004470348));
#1381=CARTESIAN_POINT('',(172.900994056189,-84.2239680330468,3.00000004470348));
#1382=CARTESIAN_POINT('Ctrl Pts',(170.207211591347,-89.2239680330468,8.00000004470348));
#1383=CARTESIAN_POINT('Ctrl Pts',(170.207211591347,-89.2239680330468,7.36879344793763));
#1384=CARTESIAN_POINT('Ctrl Pts',(170.294936686088,-89.0970858293079,6.7072179121845));
#1385=CARTESIAN_POINT('Ctrl Pts',(170.616616386655,-88.6075503872934,5.5094632211198));
#1386=CARTESIAN_POINT('Ctrl Pts',(170.84788854336,-88.2456031872634,4.97227689540878));
#1387=CARTESIAN_POINT('Ctrl Pts',(171.357664429422,-87.3913728435886,4.07627050609788));
#1388=CARTESIAN_POINT('Ctrl Pts',(171.67868690592,-86.8216680839046,3.67346109423543));
#1389=CARTESIAN_POINT('Ctrl Pts',(172.316080390214,-85.5654476396727,3.13508298287044));
#1390=CARTESIAN_POINT('Ctrl Pts',(172.631499289926,-84.8782410049082,3.00000004470348));
#1391=CARTESIAN_POINT('Ctrl Pts',(172.900994056189,-84.2239680330468,3.00000004470348));
#1392=CARTESIAN_POINT('',(73.723138,-84.2239680330468,3.00000004470348));
#1393=CARTESIAN_POINT('Origin',(73.723138,-89.2239680330468,23.4390868583422));
#1394=CARTESIAN_POINT('',(167.426791518774,-89.2239680330468,18.4390868583422));
#1395=CARTESIAN_POINT('',(167.426791518774,-89.2239680330468,0.));
#1396=CARTESIAN_POINT('',(170.207211591347,-89.2239680330468,18.4390868583422));
#1397=CARTESIAN_POINT('',(73.723138,-89.2239680330468,18.4390868583422));
#1398=CARTESIAN_POINT('',(170.207211591347,-89.2239680330468,0.));
#1399=CARTESIAN_POINT('Origin',(73.723138,-84.2239680330468,18.4390868583422));
#1400=CARTESIAN_POINT('',(170.448914885328,-84.2239680330468,23.4390868583422));
#1401=CARTESIAN_POINT('Ctrl Pts',(167.426791518774,-89.2239680330468,18.4390868583422));
#1402=CARTESIAN_POINT('Ctrl Pts',(167.426791518774,-89.2239680330468,19.0718930396432));
#1403=CARTESIAN_POINT('Ctrl Pts',(167.527218098461,-89.096574868111,19.7314905629329));
#1404=CARTESIAN_POINT('Ctrl Pts',(167.889162969008,-88.6116724034847,20.921154822379));
#1405=CARTESIAN_POINT('Ctrl Pts',(168.147366817454,-88.254962587223,21.4525529993548));
#1406=CARTESIAN_POINT('Ctrl Pts',(168.717844067778,-87.4083903536561,22.3498510928885));
#1407=CARTESIAN_POINT('Ctrl Pts',(169.079369915119,-86.8376962156817,22.7565415609132));
#1408=CARTESIAN_POINT('Ctrl Pts',(169.794740707805,-85.5763539739786,23.3014981002631));
#1409=CARTESIAN_POINT('Ctrl Pts',(170.147634169404,-84.8848740135865,23.4390868583422));
#1410=CARTESIAN_POINT('Ctrl Pts',(170.448914885328,-84.2239680330468,23.4390868583422));
#1411=CARTESIAN_POINT('',(172.900994056189,-84.2239680330468,23.4390868583422));
#1412=CARTESIAN_POINT('',(73.723138,-84.2239680330468,23.4390868583422));
#1413=CARTESIAN_POINT('Ctrl Pts',(172.900994056189,-84.2239680330468,23.4390868583422));
#1414=CARTESIAN_POINT('Ctrl Pts',(172.631499289926,-84.8782410049082,23.4390868583422));
#1415=CARTESIAN_POINT('Ctrl Pts',(172.316080390214,-85.5654476396727,23.3040039201752));
#1416=CARTESIAN_POINT('Ctrl Pts',(171.67868690592,-86.8216680839046,22.7656258088102));
#1417=CARTESIAN_POINT('Ctrl Pts',(171.357664429422,-87.3913728435886,22.3628163969478));
#1418=CARTESIAN_POINT('Ctrl Pts',(170.84788854336,-88.2456031872635,21.4668100076369));
#1419=CARTESIAN_POINT('Ctrl Pts',(170.616616386655,-88.6075503872934,20.9296236819258));
#1420=CARTESIAN_POINT('Ctrl Pts',(170.294936686088,-89.0970858293079,19.7318689908611));
#1421=CARTESIAN_POINT('Ctrl Pts',(170.207211591347,-89.2239680330468,19.070293455108));
#1422=CARTESIAN_POINT('Ctrl Pts',(170.207211591347,-89.2239680330468,18.4390868583422));
#1423=CARTESIAN_POINT('Origin',(73.723138,-58.2768639669533,23.4390868583422));
#1424=CARTESIAN_POINT('',(170.448914885328,-63.2768639669533,23.4390868583422));
#1425=CARTESIAN_POINT('Origin',(147.473554,-73.750416,23.4390868583422));
#1426=CARTESIAN_POINT('',(172.900994056189,-63.2768639669533,23.4390868583422));
#1427=CARTESIAN_POINT('',(73.723138,-63.2768639669533,23.4390868583422));
#1428=CARTESIAN_POINT('Origin',(147.473554,-73.750416,23.4390868583422));
#1429=CARTESIAN_POINT('Origin',(73.723138,-63.2768639669533,18.4390868583422));
#1430=CARTESIAN_POINT('',(167.426791518774,-58.2768639669533,18.4390868583422));
#1431=CARTESIAN_POINT('Ctrl Pts',(170.448914885328,-63.2768639669533,23.4390868583422));
#1432=CARTESIAN_POINT('Ctrl Pts',(170.147634169404,-62.6159579864135,23.4390868583421));
#1433=CARTESIAN_POINT('Ctrl Pts',(169.794740707805,-61.9244780260215,23.3014981002631));
#1434=CARTESIAN_POINT('Ctrl Pts',(169.079369915119,-60.6631357843183,22.7565415609132));
#1435=CARTESIAN_POINT('Ctrl Pts',(168.717844067778,-60.0924416463439,22.3498510928885));
#1436=CARTESIAN_POINT('Ctrl Pts',(168.147366817454,-59.245869412777,21.4525529993548));
#1437=CARTESIAN_POINT('Ctrl Pts',(167.889162969008,-58.8891595965153,20.921154822379));
#1438=CARTESIAN_POINT('Ctrl Pts',(167.527218098461,-58.404257131889,19.7314905629329));
#1439=CARTESIAN_POINT('Ctrl Pts',(167.426791518774,-58.2768639669533,19.0718930396432));
#1440=CARTESIAN_POINT('Ctrl Pts',(167.426791518774,-58.2768639669533,18.4390868583422));
#1441=CARTESIAN_POINT('',(170.207211591347,-58.2768639669533,18.4390868583422));
#1442=CARTESIAN_POINT('',(73.723138,-58.2768639669533,18.4390868583422));
#1443=CARTESIAN_POINT('Ctrl Pts',(170.207211591347,-58.2768639669533,18.4390868583422));
#1444=CARTESIAN_POINT('Ctrl Pts',(170.207211591347,-58.2768639669533,19.070293455108));
#1445=CARTESIAN_POINT('Ctrl Pts',(170.294936686088,-58.4037461706921,19.7318689908611));
#1446=CARTESIAN_POINT('Ctrl Pts',(170.616616386655,-58.8932816127067,20.9296236819258));
#1447=CARTESIAN_POINT('Ctrl Pts',(170.84788854336,-59.2552288127366,21.4668100076369));
#1448=CARTESIAN_POINT('Ctrl Pts',(171.357664429422,-60.1094591564114,22.3628163969478));
#1449=CARTESIAN_POINT('Ctrl Pts',(171.67868690592,-60.6791639160954,22.7656258088102));
#1450=CARTESIAN_POINT('Ctrl Pts',(172.316080390214,-61.9353843603273,23.3040039201752));
#1451=CARTESIAN_POINT('Ctrl Pts',(172.631499289926,-62.6225909950918,23.4390868583422));
#1452=CARTESIAN_POINT('Ctrl Pts',(172.900994056189,-63.2768639669533,23.4390868583422));
#1453=CARTESIAN_POINT('Origin',(73.723138,-58.2768639669533,3.00000004470348));
#1454=CARTESIAN_POINT('',(167.426791518774,-58.2768639669533,8.00000004470348));
#1455=CARTESIAN_POINT('',(167.426791518774,-58.2768639669533,0.));
#1456=CARTESIAN_POINT('',(170.207211591347,-58.2768639669533,8.00000004470348));
#1457=CARTESIAN_POINT('',(73.723138,-58.2768639669533,8.00000004470348));
#1458=CARTESIAN_POINT('',(170.207211591347,-58.2768639669533,0.));
#1459=CARTESIAN_POINT('Origin',(73.723138,-63.2768639669533,8.00000004470348));
#1460=CARTESIAN_POINT('',(170.448914885328,-63.2768639669533,3.00000004470348));
#1461=CARTESIAN_POINT('Ctrl Pts',(167.426791518774,-58.2768639669533,8.00000004470348));
#1462=CARTESIAN_POINT('Ctrl Pts',(167.426791518774,-58.2768639669533,7.36719386340247));
#1463=CARTESIAN_POINT('Ctrl Pts',(167.527218098461,-58.404257131889,6.70759634011271));
#1464=CARTESIAN_POINT('Ctrl Pts',(167.889162969008,-58.8891595965153,5.51793208066661));
#1465=CARTESIAN_POINT('Ctrl Pts',(168.147366817454,-59.245869412777,4.98653390369087));
#1466=CARTESIAN_POINT('Ctrl Pts',(168.717844067778,-60.0924416463439,4.0892358101571));
#1467=CARTESIAN_POINT('Ctrl Pts',(169.079369915119,-60.6631357843183,3.68254534213243));
#1468=CARTESIAN_POINT('Ctrl Pts',(169.794740707805,-61.9244780260215,3.13758880278253));
#1469=CARTESIAN_POINT('Ctrl Pts',(170.147634169404,-62.6159579864135,3.00000004470348));
#1470=CARTESIAN_POINT('Ctrl Pts',(170.448914885328,-63.2768639669533,3.00000004470348));
#1471=CARTESIAN_POINT('',(172.900994056189,-63.2768639669533,3.00000004470348));
#1472=CARTESIAN_POINT('',(73.723138,-63.2768639669533,3.00000004470348));
#1473=CARTESIAN_POINT('Ctrl Pts',(172.900994056189,-63.2768639669533,3.00000004470348));
#1474=CARTESIAN_POINT('Ctrl Pts',(172.631499289926,-62.6225909950918,3.00000004470349));
#1475=CARTESIAN_POINT('Ctrl Pts',(172.316080390214,-61.9353843603273,3.13508298287045));
#1476=CARTESIAN_POINT('Ctrl Pts',(171.67868690592,-60.6791639160954,3.67346109423545));
#1477=CARTESIAN_POINT('Ctrl Pts',(171.357664429422,-60.1094591564114,4.07627050609788));
#1478=CARTESIAN_POINT('Ctrl Pts',(170.84788854336,-59.2552288127366,4.97227689540878));
#1479=CARTESIAN_POINT('Ctrl Pts',(170.616616386655,-58.8932816127067,5.50946322111982));
#1480=CARTESIAN_POINT('Ctrl Pts',(170.294936686088,-58.4037461706921,6.7072179121845));
#1481=CARTESIAN_POINT('Ctrl Pts',(170.207211591347,-58.2768639669533,7.36879344793763));
#1482=CARTESIAN_POINT('Ctrl Pts',(170.207211591347,-58.2768639669533,8.00000004470348));
#1483=CARTESIAN_POINT('Origin',(73.723138,-89.2239680330468,3.00000004470348));
#1484=CARTESIAN_POINT('Origin',(147.473554,-73.750416,3.00000004470348));
#1485=CARTESIAN_POINT('Origin',(147.473554,-73.750416,3.00000004470348));
#1486=CARTESIAN_POINT('Origin',(157.947106033047,0.,8.00000004470348));
#1487=CARTESIAN_POINT('',(162.947106033047,-51.0167584086533,8.00000004470348));
#1488=CARTESIAN_POINT('',(157.947106033047,-48.3229759438114,3.00000004470348));
#1489=CARTESIAN_POINT('Ctrl Pts',(162.947106033047,-51.0167584086533,8.00000004470348));
#1490=CARTESIAN_POINT('Ctrl Pts',(162.947106033047,-51.0167584086533,7.36879344793763));
#1491=CARTESIAN_POINT('Ctrl Pts',(162.820223829308,-50.9290333139116,6.70721791218449));
#1492=CARTESIAN_POINT('Ctrl Pts',(162.330688387293,-50.6073536133447,5.50946322111981));
#1493=CARTESIAN_POINT('Ctrl Pts',(161.968741187263,-50.3760814566397,4.97227689540878));
#1494=CARTESIAN_POINT('Ctrl Pts',(161.114510843589,-49.8663055705785,4.07627050609788));
#1495=CARTESIAN_POINT('Ctrl Pts',(160.544806083905,-49.5452830940801,3.67346109423542));
#1496=CARTESIAN_POINT('Ctrl Pts',(159.288585639673,-48.9078896097861,3.13508298287043));
#1497=CARTESIAN_POINT('Ctrl Pts',(158.601379004908,-48.5924707100744,3.00000004470348));
#1498=CARTESIAN_POINT('Ctrl Pts',(157.947106033047,-48.3229759438114,3.00000004470348));
#1499=CARTESIAN_POINT('',(157.947106033047,-50.7750551146719,3.00000004470348));
#1500=CARTESIAN_POINT('',(157.947106033047,0.,3.00000004470348));
#1501=CARTESIAN_POINT('',(162.947106033047,-53.7971784812264,8.00000004470348));
#1502=CARTESIAN_POINT('Ctrl Pts',(157.947106033047,-50.7750551146719,3.00000004470348));
#1503=CARTESIAN_POINT('Ctrl Pts',(158.608012013587,-51.0763358305956,3.00000004470348));
#1504=CARTESIAN_POINT('Ctrl Pts',(159.299491973979,-51.4292292921951,3.13758880278252));
#1505=CARTESIAN_POINT('Ctrl Pts',(160.560834215682,-52.1446000848808,3.68254534213242));
#1506=CARTESIAN_POINT('Ctrl Pts',(161.131528353656,-52.506125932222,4.08923581015709));
#1507=CARTESIAN_POINT('Ctrl Pts',(161.978100587223,-53.0766031825458,4.98653390369087));
#1508=CARTESIAN_POINT('Ctrl Pts',(162.334810403485,-53.3348070309916,5.5179320806666));
#1509=CARTESIAN_POINT('Ctrl Pts',(162.819712868111,-53.6967519015389,6.7075963401127));
#1510=CARTESIAN_POINT('Ctrl Pts',(162.947106033047,-53.7971784812264,7.36719386340247));
#1511=CARTESIAN_POINT('Ctrl Pts',(162.947106033047,-53.7971784812264,8.00000004470348));
#1512=CARTESIAN_POINT('',(162.947106033047,0.,8.00000004470348));
#1513=CARTESIAN_POINT('Origin',(132.000001966953,0.,3.00000004470348));
#1514=CARTESIAN_POINT('Origin',(147.473554,-73.750416,3.00000004470348));
#1515=CARTESIAN_POINT('Origin',(147.473554,-73.750416,3.00000004470348));
#1516=CARTESIAN_POINT('Origin',(137.000001966953,0.,8.00000004470348));
#1517=CARTESIAN_POINT('',(132.000001966953,-51.0167584086533,8.00000004470348));
#1518=CARTESIAN_POINT('Ctrl Pts',(137.000001966953,-48.3229759438114,3.00000004470348));
#1519=CARTESIAN_POINT('Ctrl Pts',(136.345728995092,-48.5924707100744,3.00000004470348));
#1520=CARTESIAN_POINT('Ctrl Pts',(135.658522360327,-48.9078896097861,3.13508298287044));
#1521=CARTESIAN_POINT('Ctrl Pts',(134.402301916095,-49.5452830940801,3.67346109423544));
#1522=CARTESIAN_POINT('Ctrl Pts',(133.832597156411,-49.8663055705785,4.07627050609788));
#1523=CARTESIAN_POINT('Ctrl Pts',(132.978366812737,-50.3760814566397,4.97227689540878));
#1524=CARTESIAN_POINT('Ctrl Pts',(132.616419612707,-50.6073536133447,5.5094632211198));
#1525=CARTESIAN_POINT('Ctrl Pts',(132.126884170692,-50.9290333139117,6.70721791218449));
#1526=CARTESIAN_POINT('Ctrl Pts',(132.000001966953,-51.0167584086533,7.36879344793763));
#1527=CARTESIAN_POINT('Ctrl Pts',(132.000001966953,-51.0167584086533,8.00000004470348));
#1528=CARTESIAN_POINT('',(132.000001966953,-53.7971784812264,8.00000004470348));
#1529=CARTESIAN_POINT('',(132.000001966953,0.,8.00000004470348));
#1530=CARTESIAN_POINT('Ctrl Pts',(132.000001966953,-53.7971784812264,8.00000004470348));
#1531=CARTESIAN_POINT('Ctrl Pts',(132.000001966953,-53.7971784812264,7.36719386340247));
#1532=CARTESIAN_POINT('Ctrl Pts',(132.127395131889,-53.6967519015389,6.70759634011271));
#1533=CARTESIAN_POINT('Ctrl Pts',(132.612297596515,-53.3348070309916,5.51793208066661));
#1534=CARTESIAN_POINT('Ctrl Pts',(132.969007412777,-53.0766031825458,4.98653390369087));
#1535=CARTESIAN_POINT('Ctrl Pts',(133.815579646344,-52.506125932222,4.0892358101571));
#1536=CARTESIAN_POINT('Ctrl Pts',(134.386273784318,-52.1446000848808,3.68254534213243));
#1537=CARTESIAN_POINT('Ctrl Pts',(135.647616026021,-51.4292292921951,3.13758880278253));
#1538=CARTESIAN_POINT('Ctrl Pts',(136.339095986414,-51.0763358305955,3.00000004470348));
#1539=CARTESIAN_POINT('Ctrl Pts',(137.000001966953,-50.7750551146719,3.00000004470348));
#1540=CARTESIAN_POINT('Origin',(132.000001966953,0.,23.4390868583422));
#1541=CARTESIAN_POINT('',(132.000001966953,-51.0167584086533,18.4390868583422));
#1542=CARTESIAN_POINT('',(132.000001966953,-51.0167584086533,0.));
#1543=CARTESIAN_POINT('',(132.000001966953,-53.7971784812264,18.4390868583422));
#1544=CARTESIAN_POINT('',(132.000001966953,0.,18.4390868583422));
#1545=CARTESIAN_POINT('',(132.000001966953,-53.7971784812264,0.));
#1546=CARTESIAN_POINT('Origin',(157.947106033047,0.,18.4390868583422));
#1547=CARTESIAN_POINT('',(157.947106033047,-48.3229759438114,23.4390868583422));
#1548=CARTESIAN_POINT('',(162.947106033047,-51.0167584086533,18.4390868583422));
#1549=CARTESIAN_POINT('Ctrl Pts',(157.947106033047,-48.3229759438114,23.4390868583422));
#1550=CARTESIAN_POINT('Ctrl Pts',(158.601379004908,-48.5924707100743,23.4390868583422));
#1551=CARTESIAN_POINT('Ctrl Pts',(159.288585639673,-48.9078896097861,23.3040039201752));
#1552=CARTESIAN_POINT('Ctrl Pts',(160.544806083905,-49.5452830940801,22.7656258088102));
#1553=CARTESIAN_POINT('Ctrl Pts',(161.114510843589,-49.8663055705785,22.3628163969478));
#1554=CARTESIAN_POINT('Ctrl Pts',(161.968741187263,-50.3760814566397,21.4668100076369));
#1555=CARTESIAN_POINT('Ctrl Pts',(162.330688387293,-50.6073536133447,20.9296236819258));
#1556=CARTESIAN_POINT('Ctrl Pts',(162.820223829308,-50.9290333139116,19.7318689908612));
#1557=CARTESIAN_POINT('Ctrl Pts',(162.947106033047,-51.0167584086533,19.070293455108));
#1558=CARTESIAN_POINT('Ctrl Pts',(162.947106033047,-51.0167584086533,18.4390868583422));
#1559=CARTESIAN_POINT('',(162.947106033047,-53.7971784812264,18.4390868583422));
#1560=CARTESIAN_POINT('',(162.947106033047,0.,18.4390868583422));
#1561=CARTESIAN_POINT('',(157.947106033047,-50.7750551146719,23.4390868583422));
#1562=CARTESIAN_POINT('Ctrl Pts',(162.947106033047,-53.7971784812264,18.4390868583422));
#1563=CARTESIAN_POINT('Ctrl Pts',(162.947106033047,-53.7971784812264,19.0718930396432));
#1564=CARTESIAN_POINT('Ctrl Pts',(162.819712868111,-53.6967519015389,19.7314905629329));
#1565=CARTESIAN_POINT('Ctrl Pts',(162.334810403485,-53.3348070309915,20.921154822379));
#1566=CARTESIAN_POINT('Ctrl Pts',(161.978100587223,-53.0766031825458,21.4525529993548));
#1567=CARTESIAN_POINT('Ctrl Pts',(161.131528353656,-52.506125932222,22.3498510928885));
#1568=CARTESIAN_POINT('Ctrl Pts',(160.560834215682,-52.1446000848808,22.7565415609132));
#1569=CARTESIAN_POINT('Ctrl Pts',(159.299491973979,-51.4292292921951,23.3014981002631));
#1570=CARTESIAN_POINT('Ctrl Pts',(158.608012013586,-51.0763358305955,23.4390868583422));
#1571=CARTESIAN_POINT('Ctrl Pts',(157.947106033047,-50.7750551146719,23.4390868583422));
#1572=CARTESIAN_POINT('',(157.947106033047,0.,23.4390868583422));
#1573=CARTESIAN_POINT('Origin',(162.947106033047,0.,3.00000004470348));
#1574=CARTESIAN_POINT('',(162.947106033047,-53.7971784812264,0.));
#1575=CARTESIAN_POINT('',(162.947106033047,-51.0167584086533,0.));
#1576=CARTESIAN_POINT('Origin',(137.000001966953,0.,18.4390868583422));
#1577=CARTESIAN_POINT('',(137.000001966953,-48.3229759438114,23.4390868583422));
#1578=CARTESIAN_POINT('Ctrl Pts',(132.000001966953,-51.0167584086533,18.4390868583422));
#1579=CARTESIAN_POINT('Ctrl Pts',(132.000001966953,-51.0167584086533,19.070293455108));
#1580=CARTESIAN_POINT('Ctrl Pts',(132.126884170692,-50.9290333139117,19.7318689908611));
#1581=CARTESIAN_POINT('Ctrl Pts',(132.616419612707,-50.6073536133447,20.9296236819258));
#1582=CARTESIAN_POINT('Ctrl Pts',(132.978366812737,-50.3760814566397,21.4668100076369));
#1583=CARTESIAN_POINT('Ctrl Pts',(133.832597156411,-49.8663055705785,22.3628163969478));
#1584=CARTESIAN_POINT('Ctrl Pts',(134.402301916095,-49.5452830940801,22.7656258088102));
#1585=CARTESIAN_POINT('Ctrl Pts',(135.658522360327,-48.9078896097861,23.3040039201752));
#1586=CARTESIAN_POINT('Ctrl Pts',(136.345728995092,-48.5924707100744,23.4390868583422));
#1587=CARTESIAN_POINT('Ctrl Pts',(137.000001966953,-48.3229759438114,23.4390868583422));
#1588=CARTESIAN_POINT('',(137.000001966953,-50.7750551146719,23.4390868583422));
#1589=CARTESIAN_POINT('',(137.000001966953,0.,23.4390868583422));
#1590=CARTESIAN_POINT('Ctrl Pts',(137.000001966953,-50.7750551146719,23.4390868583422));
#1591=CARTESIAN_POINT('Ctrl Pts',(136.339095986414,-51.0763358305955,23.4390868583422));
#1592=CARTESIAN_POINT('Ctrl Pts',(135.647616026021,-51.4292292921951,23.3014981002631));
#1593=CARTESIAN_POINT('Ctrl Pts',(134.386273784318,-52.1446000848808,22.7565415609132));
#1594=CARTESIAN_POINT('Ctrl Pts',(133.815579646344,-52.506125932222,22.3498510928885));
#1595=CARTESIAN_POINT('Ctrl Pts',(132.969007412777,-53.0766031825458,21.4525529993548));
#1596=CARTESIAN_POINT('Ctrl Pts',(132.612297596515,-53.3348070309916,20.921154822379));
#1597=CARTESIAN_POINT('Ctrl Pts',(132.127395131889,-53.6967519015389,19.7314905629329));
#1598=CARTESIAN_POINT('Ctrl Pts',(132.000001966953,-53.7971784812264,19.0718930396432));
#1599=CARTESIAN_POINT('Ctrl Pts',(132.000001966953,-53.7971784812264,18.4390868583422));
#1600=CARTESIAN_POINT('Origin',(162.947106033047,0.,23.4390868583422));
#1601=CARTESIAN_POINT('Origin',(147.473554,-73.750416,23.4390868583422));
#1602=CARTESIAN_POINT('Origin',(147.473554,-73.750416,23.4390868583422));
#1603=CARTESIAN_POINT('Origin',(73.723138,-63.2768639669533,8.00000004470348));
#1604=CARTESIAN_POINT('',(124.739896408653,-58.2768639669533,8.00000004470348));
#1605=CARTESIAN_POINT('',(122.046113943811,-63.2768639669533,3.00000004470348));
#1606=CARTESIAN_POINT('Ctrl Pts',(124.739896408653,-58.2768639669533,8.00000004470348));
#1607=CARTESIAN_POINT('Ctrl Pts',(124.739896408653,-58.2768639669533,7.36879344793763));
#1608=CARTESIAN_POINT('Ctrl Pts',(124.652171313912,-58.4037461706921,6.70721791218449));
#1609=CARTESIAN_POINT('Ctrl Pts',(124.330491613345,-58.8932816127067,5.5094632211198));
#1610=CARTESIAN_POINT('Ctrl Pts',(124.09921945664,-59.2552288127366,4.97227689540878));
#1611=CARTESIAN_POINT('Ctrl Pts',(123.589443570579,-60.1094591564114,4.07627050609788));
#1612=CARTESIAN_POINT('Ctrl Pts',(123.26842109408,-60.6791639160954,3.67346109423543));
#1613=CARTESIAN_POINT('Ctrl Pts',(122.631027609786,-61.9353843603273,3.13508298287044));
#1614=CARTESIAN_POINT('Ctrl Pts',(122.315608710074,-62.6225909950918,3.00000004470348));
#1615=CARTESIAN_POINT('Ctrl Pts',(122.046113943811,-63.2768639669533,3.00000004470348));
#1616=CARTESIAN_POINT('',(124.498193114672,-63.2768639669533,3.00000004470348));
#1617=CARTESIAN_POINT('',(73.723138,-63.2768639669533,3.00000004470348));
#1618=CARTESIAN_POINT('',(127.520316481226,-58.2768639669533,8.00000004470348));
#1619=CARTESIAN_POINT('Ctrl Pts',(124.498193114672,-63.2768639669533,3.00000004470348));
#1620=CARTESIAN_POINT('Ctrl Pts',(124.799473830596,-62.6159579864135,3.00000004470349));
#1621=CARTESIAN_POINT('Ctrl Pts',(125.152367292195,-61.9244780260215,3.13758880278253));
#1622=CARTESIAN_POINT('Ctrl Pts',(125.867738084881,-60.6631357843183,3.68254534213242));
#1623=CARTESIAN_POINT('Ctrl Pts',(126.229263932222,-60.0924416463439,4.0892358101571));
#1624=CARTESIAN_POINT('Ctrl Pts',(126.799741182546,-59.245869412777,4.98653390369087));
#1625=CARTESIAN_POINT('Ctrl Pts',(127.057945030992,-58.8891595965153,5.5179320806666));
#1626=CARTESIAN_POINT('Ctrl Pts',(127.419889901539,-58.404257131889,6.7075963401127));
#1627=CARTESIAN_POINT('Ctrl Pts',(127.520316481226,-58.2768639669533,7.36719386340247));
#1628=CARTESIAN_POINT('Ctrl Pts',(127.520316481226,-58.2768639669533,8.00000004470348));
#1629=CARTESIAN_POINT('',(73.723138,-58.2768639669533,8.00000004470348));
#1630=CARTESIAN_POINT('Origin',(73.723138,-89.2239680330468,3.00000004470348));
#1631=CARTESIAN_POINT('',(119.973554,-73.750416,3.00000004470348));
#1632=CARTESIAN_POINT('Origin',(147.473554,-73.750416,3.00000004470348));
#1633=CARTESIAN_POINT('',(122.046113943811,-84.2239680330468,3.00000004470348));
#1634=CARTESIAN_POINT('Origin',(147.473554,-73.750416,3.00000004470348));
#1635=CARTESIAN_POINT('',(124.498193114672,-84.2239680330468,3.00000004470348));
#1636=CARTESIAN_POINT('',(73.723138,-84.2239680330468,3.00000004470348));
#1637=CARTESIAN_POINT('',(122.223554,-73.750416,3.00000004470348));
#1638=CARTESIAN_POINT('Origin',(147.473554,-73.750416,3.00000004470348));
#1639=CARTESIAN_POINT('Origin',(147.473554,-73.750416,3.00000004470348));
#1640=CARTESIAN_POINT('Origin',(73.723138,-84.2239680330468,8.00000004470348));
#1641=CARTESIAN_POINT('',(124.739896408653,-89.2239680330468,8.00000004470348));
#1642=CARTESIAN_POINT('Ctrl Pts',(122.046113943811,-84.2239680330468,3.00000004470348));
#1643=CARTESIAN_POINT('Ctrl Pts',(122.315608710074,-84.8782410049082,3.00000004470348));
#1644=CARTESIAN_POINT('Ctrl Pts',(122.631027609786,-85.5654476396727,3.13508298287044));
#1645=CARTESIAN_POINT('Ctrl Pts',(123.26842109408,-86.8216680839046,3.67346109423543));
#1646=CARTESIAN_POINT('Ctrl Pts',(123.589443570579,-87.3913728435886,4.07627050609787));
#1647=CARTESIAN_POINT('Ctrl Pts',(124.09921945664,-88.2456031872634,4.97227689540878));
#1648=CARTESIAN_POINT('Ctrl Pts',(124.330491613345,-88.6075503872933,5.50946322111979));
#1649=CARTESIAN_POINT('Ctrl Pts',(124.652171313912,-89.0970858293079,6.70721791218448));
#1650=CARTESIAN_POINT('Ctrl Pts',(124.739896408653,-89.2239680330468,7.36879344793763));
#1651=CARTESIAN_POINT('Ctrl Pts',(124.739896408653,-89.2239680330468,8.00000004470348));
#1652=CARTESIAN_POINT('',(127.520316481226,-89.2239680330468,8.00000004470348));
#1653=CARTESIAN_POINT('',(73.723138,-89.2239680330468,8.00000004470348));
#1654=CARTESIAN_POINT('Ctrl Pts',(127.520316481226,-89.2239680330468,8.00000004470348));
#1655=CARTESIAN_POINT('Ctrl Pts',(127.520316481226,-89.2239680330468,7.36719386340247));
#1656=CARTESIAN_POINT('Ctrl Pts',(127.419889901539,-89.096574868111,6.7075963401127));
#1657=CARTESIAN_POINT('Ctrl Pts',(127.057945030992,-88.6116724034847,5.51793208066661));
#1658=CARTESIAN_POINT('Ctrl Pts',(126.799741182546,-88.254962587223,4.98653390369087));
#1659=CARTESIAN_POINT('Ctrl Pts',(126.229263932222,-87.4083903536561,4.0892358101571));
#1660=CARTESIAN_POINT('Ctrl Pts',(125.867738084881,-86.8376962156817,3.68254534213243));
#1661=CARTESIAN_POINT('Ctrl Pts',(125.152367292195,-85.5763539739786,3.13758880278253));
#1662=CARTESIAN_POINT('Ctrl Pts',(124.799473830596,-84.8848740135865,3.00000004470348));
#1663=CARTESIAN_POINT('Ctrl Pts',(124.498193114672,-84.2239680330468,3.00000004470348));
#1664=CARTESIAN_POINT('Origin',(73.723138,-89.2239680330468,23.4390868583422));
#1665=CARTESIAN_POINT('',(124.739896408653,-89.2239680330468,18.4390868583422));
#1666=CARTESIAN_POINT('',(124.739896408653,-89.2239680330468,0.));
#1667=CARTESIAN_POINT('',(127.520316481226,-89.2239680330468,18.4390868583422));
#1668=CARTESIAN_POINT('',(73.723138,-89.2239680330468,18.4390868583422));
#1669=CARTESIAN_POINT('',(127.520316481226,-89.2239680330468,0.));
#1670=CARTESIAN_POINT('Origin',(73.723138,-84.2239680330468,18.4390868583422));
#1671=CARTESIAN_POINT('',(122.046113943811,-84.2239680330468,23.4390868583422));
#1672=CARTESIAN_POINT('Ctrl Pts',(124.739896408653,-89.2239680330468,18.4390868583422));
#1673=CARTESIAN_POINT('Ctrl Pts',(124.739896408653,-89.2239680330468,19.070293455108));
#1674=CARTESIAN_POINT('Ctrl Pts',(124.652171313912,-89.0970858293079,19.7318689908611));
#1675=CARTESIAN_POINT('Ctrl Pts',(124.330491613345,-88.6075503872934,20.9296236819258));
#1676=CARTESIAN_POINT('Ctrl Pts',(124.09921945664,-88.2456031872635,21.4668100076369));
#1677=CARTESIAN_POINT('Ctrl Pts',(123.589443570579,-87.3913728435886,22.3628163969478));
#1678=CARTESIAN_POINT('Ctrl Pts',(123.26842109408,-86.8216680839046,22.7656258088102));
#1679=CARTESIAN_POINT('Ctrl Pts',(122.631027609786,-85.5654476396727,23.3040039201752));
#1680=CARTESIAN_POINT('Ctrl Pts',(122.315608710074,-84.8782410049082,23.4390868583422));
#1681=CARTESIAN_POINT('Ctrl Pts',(122.046113943811,-84.2239680330467,23.4390868583422));
#1682=CARTESIAN_POINT('',(124.498193114672,-84.2239680330468,23.4390868583422));
#1683=CARTESIAN_POINT('',(73.723138,-84.2239680330468,23.4390868583422));
#1684=CARTESIAN_POINT('Ctrl Pts',(124.498193114672,-84.2239680330468,23.4390868583422));
#1685=CARTESIAN_POINT('Ctrl Pts',(124.799473830596,-84.8848740135865,23.4390868583422));
#1686=CARTESIAN_POINT('Ctrl Pts',(125.152367292195,-85.5763539739786,23.3014981002631));
#1687=CARTESIAN_POINT('Ctrl Pts',(125.867738084881,-86.8376962156817,22.7565415609132));
#1688=CARTESIAN_POINT('Ctrl Pts',(126.229263932222,-87.4083903536561,22.3498510928885));
#1689=CARTESIAN_POINT('Ctrl Pts',(126.799741182546,-88.254962587223,21.4525529993548));
#1690=CARTESIAN_POINT('Ctrl Pts',(127.057945030992,-88.6116724034847,20.921154822379));
#1691=CARTESIAN_POINT('Ctrl Pts',(127.419889901539,-89.096574868111,19.7314905629329));
#1692=CARTESIAN_POINT('Ctrl Pts',(127.520316481226,-89.2239680330468,19.0718930396432));
#1693=CARTESIAN_POINT('Ctrl Pts',(127.520316481226,-89.2239680330468,18.4390868583422));
#1694=CARTESIAN_POINT('Origin',(73.723138,-58.2768639669533,23.4390868583422));
#1695=CARTESIAN_POINT('',(119.973554,-73.750416,23.4390868583422));
#1696=CARTESIAN_POINT('Origin',(147.473554,-73.750416,23.4390868583422));
#1697=CARTESIAN_POINT('',(122.046113943811,-63.2768639669533,23.4390868583422));
#1698=CARTESIAN_POINT('Origin',(147.473554,-73.750416,23.4390868583422));
#1699=CARTESIAN_POINT('',(124.498193114672,-63.2768639669533,23.4390868583422));
#1700=CARTESIAN_POINT('',(73.723138,-63.2768639669533,23.4390868583422));
#1701=CARTESIAN_POINT('',(122.223554,-73.750416,23.4390868583422));
#1702=CARTESIAN_POINT('Origin',(147.473554,-73.750416,23.4390868583422));
#1703=CARTESIAN_POINT('Origin',(147.473554,-73.750416,23.4390868583422));
#1704=CARTESIAN_POINT('Origin',(73.723138,-63.2768639669533,18.4390868583422));
#1705=CARTESIAN_POINT('',(124.739896408653,-58.2768639669533,18.4390868583422));
#1706=CARTESIAN_POINT('Ctrl Pts',(122.046113943811,-63.2768639669533,23.4390868583422));
#1707=CARTESIAN_POINT('Ctrl Pts',(122.315608710074,-62.6225909950918,23.4390868583422));
#1708=CARTESIAN_POINT('Ctrl Pts',(122.631027609786,-61.9353843603273,23.3040039201752));
#1709=CARTESIAN_POINT('Ctrl Pts',(123.26842109408,-60.6791639160954,22.7656258088102));
#1710=CARTESIAN_POINT('Ctrl Pts',(123.589443570579,-60.1094591564114,22.3628163969478));
#1711=CARTESIAN_POINT('Ctrl Pts',(124.09921945664,-59.2552288127366,21.4668100076369));
#1712=CARTESIAN_POINT('Ctrl Pts',(124.330491613345,-58.8932816127067,20.9296236819258));
#1713=CARTESIAN_POINT('Ctrl Pts',(124.652171313912,-58.4037461706921,19.7318689908611));
#1714=CARTESIAN_POINT('Ctrl Pts',(124.739896408653,-58.2768639669533,19.070293455108));
#1715=CARTESIAN_POINT('Ctrl Pts',(124.739896408653,-58.2768639669533,18.4390868583422));
#1716=CARTESIAN_POINT('',(127.520316481226,-58.2768639669533,18.4390868583422));
#1717=CARTESIAN_POINT('',(73.723138,-58.2768639669533,18.4390868583422));
#1718=CARTESIAN_POINT('Ctrl Pts',(127.520316481226,-58.2768639669533,18.4390868583422));
#1719=CARTESIAN_POINT('Ctrl Pts',(127.520316481226,-58.2768639669533,19.0718930396432));
#1720=CARTESIAN_POINT('Ctrl Pts',(127.419889901539,-58.404257131889,19.7314905629329));
#1721=CARTESIAN_POINT('Ctrl Pts',(127.057945030992,-58.8891595965153,20.921154822379));
#1722=CARTESIAN_POINT('Ctrl Pts',(126.799741182546,-59.245869412777,21.4525529993548));
#1723=CARTESIAN_POINT('Ctrl Pts',(126.229263932222,-60.0924416463439,22.3498510928885));
#1724=CARTESIAN_POINT('Ctrl Pts',(125.867738084881,-60.6631357843183,22.7565415609132));
#1725=CARTESIAN_POINT('Ctrl Pts',(125.152367292195,-61.9244780260215,23.3014981002631));
#1726=CARTESIAN_POINT('Ctrl Pts',(124.799473830596,-62.6159579864135,23.4390868583422));
#1727=CARTESIAN_POINT('Ctrl Pts',(124.498193114672,-63.2768639669533,23.4390868583422));
#1728=CARTESIAN_POINT('Origin',(73.723138,-58.2768639669533,3.00000004470348));
#1729=CARTESIAN_POINT('',(127.520316481226,-58.2768639669533,0.));
#1730=CARTESIAN_POINT('',(124.739896408653,-58.2768639669533,0.));
#1731=CARTESIAN_POINT('Origin',(147.473554,-73.750416,0.));
#1732=CARTESIAN_POINT('',(122.223554,-73.750416,26.));
#1733=CARTESIAN_POINT('Origin',(147.473554,-73.750416,26.));
#1734=CARTESIAN_POINT('',(122.223554,-73.750416,0.));
#1735=CARTESIAN_POINT('',(122.223554,-73.750416,0.));
#1736=CARTESIAN_POINT('Origin',(147.473554,-73.750416,26.));
#1737=CARTESIAN_POINT('',(119.973554,-73.750416,26.));
#1738=CARTESIAN_POINT('Origin',(147.473554,-73.750416,26.));
#1739=CARTESIAN_POINT('Origin',(147.473554,-73.750416,0.));
#1740=CARTESIAN_POINT('',(122.473553,-73.750416,-2.));
#1741=CARTESIAN_POINT('Origin',(147.473554,-73.750416,-2.));
#1742=CARTESIAN_POINT('',(122.473553,-73.750416,0.));
#1743=CARTESIAN_POINT('Origin',(147.473554,-73.750416,0.));
#1744=CARTESIAN_POINT('',(119.973554,-73.750416,-2.));
#1745=CARTESIAN_POINT('Origin',(147.473554,-73.750416,-2.));
#1746=CARTESIAN_POINT('',(119.973554,-73.750416,0.));
#1747=CARTESIAN_POINT('',(119.973554,-73.750416,0.));
#1748=CARTESIAN_POINT('Origin',(147.473554,-73.750416,-2.));
#1749=UNCERTAINTY_MEASURE_WITH_UNIT(LENGTH_MEASURE(0.01),#1753,
'DISTANCE_ACCURACY_VALUE',
'Maximum model space distance between geometric entities at asserted c
onnectivities');
#1750=UNCERTAINTY_MEASURE_WITH_UNIT(LENGTH_MEASURE(0.01),#1753,
'DISTANCE_ACCURACY_VALUE',
'Maximum model space distance between geometric entities at asserted c
onnectivities');
#1751=(
GEOMETRIC_REPRESENTATION_CONTEXT(3)
GLOBAL_UNCERTAINTY_ASSIGNED_CONTEXT((#1749))
GLOBAL_UNIT_ASSIGNED_CONTEXT((#1753,#1755,#1756))
REPRESENTATION_CONTEXT('','3D')
);
#1752=(
GEOMETRIC_REPRESENTATION_CONTEXT(3)
GLOBAL_UNCERTAINTY_ASSIGNED_CONTEXT((#1750))
GLOBAL_UNIT_ASSIGNED_CONTEXT((#1753,#1755,#1756))
REPRESENTATION_CONTEXT('','3D')
);
#1753=(
LENGTH_UNIT()
NAMED_UNIT(*)
SI_UNIT(.MILLI.,.METRE.)
);
#1754=(
LENGTH_UNIT()
NAMED_UNIT(*)
SI_UNIT($,.METRE.)
);
#1755=(
NAMED_UNIT(*)
PLANE_ANGLE_UNIT()
SI_UNIT($,.RADIAN.)
);
#1756=(
NAMED_UNIT(*)
SI_UNIT($,.STERADIAN.)
SOLID_ANGLE_UNIT()
);
#1757=SHAPE_DEFINITION_REPRESENTATION(#1758,#1759);
#1758=PRODUCT_DEFINITION_SHAPE('',$,#1761);
#1759=SHAPE_REPRESENTATION('',(#881),#1751);
#1760=PRODUCT_DEFINITION_CONTEXT('part definition',#1765,'design');
#1761=PRODUCT_DEFINITION('FusionComponent','FusionComponent',#1762,#1760);
#1762=PRODUCT_DEFINITION_FORMATION('',$,#1767);
#1763=PRODUCT_RELATED_PRODUCT_CATEGORY('FusionComponent',
'FusionComponent',(#1767));
#1764=APPLICATION_PROTOCOL_DEFINITION('international standard',
'automotive_design',2009,#1765);
#1765=APPLICATION_CONTEXT(
'Core Data for Automotive Mechanical Design Process');
#1766=PRODUCT_CONTEXT('part definition',#1765,'mechanical');
#1767=PRODUCT('FusionComponent','FusionComponent',$,(#1766));
#1768=PRESENTATION_STYLE_ASSIGNMENT((#1770));
#1769=PRESENTATION_STYLE_ASSIGNMENT((#1771));
#1770=SURFACE_STYLE_USAGE(.BOTH.,#1772);
#1771=SURFACE_STYLE_USAGE(.BOTH.,#1773);
#1772=SURFACE_SIDE_STYLE('',(#1774));
#1773=SURFACE_SIDE_STYLE('',(#1775));
#1774=SURFACE_STYLE_FILL_AREA(#1776);
#1775=SURFACE_STYLE_FILL_AREA(#1777);
#1776=FILL_AREA_STYLE('Steel - Satin',(#1778));
#1777=FILL_AREA_STYLE('ABS (White)',(#1779));
#1778=FILL_AREA_STYLE_COLOUR('Steel - Satin',#1780);
#1779=FILL_AREA_STYLE_COLOUR('ABS (White)',#1781);
#1780=COLOUR_RGB('Steel - Satin',0.627450980392157,0.627450980392157,0.627450980392157);
#1781=COLOUR_RGB('ABS (White)',0.964705882352941,0.964705882352941,0.952941176470588);
ENDSEC;
END-ISO-10303-21;
